ccp_bdos.asm:
     1                          ; ccp_bdos.asm — CP/M 2.2 CCP + BDOS only
     2                          ; Assembled at CPM_BASE. srec_cat maps to correct address.
     3                              INCLUDE "z80neo.inc"
z80neo.inc:
     1                          ;****************************************************************************
     2                          ; z80neo.inc — Hardware definitions for z80neo CP/M BIOS
     3                          ;
     4                          ; Port addresses and status bit masks for the z80neo system.
     5                          ;****************************************************************************
     6                              IFNDEF Z80NEO_INC
     7                              DEFINE Z80NEO_INC
     8                          
     9                          ; ── Serial (UART via Pico USB-UART bridge) ─────────────────────────────
    10                          
    11                          SERIAL_PORT:    EQU     80H             ; serial data port
    12                          SERIAL_STATUS:  EQU     81H             ; serial status port
    13                          TX_READY_BIT:   EQU     02H             ; bit 1 = TX buffer has room
    14                          RX_READY_BIT:   EQU     01H             ; bit 0 = RX data available
    15                          
    16                          ; ── Disk I/O (CP/M disk image on SD, mediated by Pico) ─────────────────
    17                          
    18                          DISK_CMD_DATA:  EQU     0E4H            ; R/W: sector data or command byte (moved from E0 to avoid A0 issue)
    19                          DISK_TRACK:     EQU     0E1H            ; W: track number (0–255)
    20                          DISK_SECTOR:    EQU     0E2H            ; W: sector number / R: status (0=OK)
    21                          DISK_STATUS:    EQU     0E6H            ; R: status (moved from E2 for symmetry with E4)
    22                          
    23                          DISK_CMD_READ:  EQU     00H             ; read 128-byte sector into Pico buffer
    24                          DISK_CMD_WRITE: EQU     01H             ; collect 128 bytes, then write to SD
    25                          
    26                          ; ── CP/M geometry defaults ─────────────────────────────────────────────
    27                          
    28                          SECS_PER_TRACK: EQU     26              ; 8" SSSD standard
    29                          NUM_TRACKS:     EQU     254             ; max usable with 8-bit track reg
    30                          SEC_SIZE:       EQU     128
    31                          
    32                          ; ── Memory layout (60K CP/M system) ────────────────────────────────────
    33                          
    34                          MEM:            EQU     60
    35                          CPM_BASE:       EQU     0D400H          ; fixed: (60-7)*1024
    36                          BIOS_BASE:      EQU     0EB00H          ; CPM_BASE+0x1700
    37                          
    38                              ENDIF ; Z80NEO_INC
    39                          
ccp_bdos.asm:
     4                          
     5                          ; BDOS calls BIOS via jump table at BIOS_BASE. Define the absolute
     6                          ; addresses for each entry (each is JP xxxx = 3 bytes).
     7                          BOOT:   EQU     BIOS_BASE + 0*3
     8                          WBOOT:  EQU     BIOS_BASE + 1*3
     9                          CONST:  EQU     BIOS_BASE + 2*3
    10                          CONIN:  EQU     BIOS_BASE + 3*3
    11                          CONOUT: EQU     BIOS_BASE + 4*3
    12                          LIST:   EQU     BIOS_BASE + 5*3
    13                          PUNCH:  EQU     BIOS_BASE + 6*3
    14                          READER: EQU     BIOS_BASE + 7*3
    15                          HOME:   EQU     BIOS_BASE + 8*3
    16                          SELDSK: EQU     BIOS_BASE + 9*3
    17                          SETTRK: EQU     BIOS_BASE + 10*3
    18                          SETSEC: EQU     BIOS_BASE + 11*3
    19                          SETDMA: EQU     BIOS_BASE + 12*3
    20                          READ:   EQU     BIOS_BASE + 13*3
    21                          WRITE:  EQU     BIOS_BASE + 14*3
    22                          PRSTAT: EQU     BIOS_BASE + 15*3
    23                          SECTRN: EQU     BIOS_BASE + 16*3
    24                          
    25                              ORG     CPM_BASE
    26                              INCLUDE "cpm22.asm"
cpm22.asm:
     1                          ;**************************************************************
     2                          ;*
     3                          ;*             C P / M   version   2 . 2
     4                          ;*
     5                          ;*   Reconstructed from memory image on February 27, 1981
     6                          ;*
     7                          ;*                by Clark A. Calkins
     8                          ;*
     9                          ;**************************************************************
    10                          ;
    11                          ;   Memory layout defined in z80neo.inc (included by top-level cpmz80neo.asm)
    12                          ;
    13                          IOBYTE	EQU	3		;i/o definition byte.
    14                          TDRIVE	EQU	4		;current drive name and user number.
    15                          ENTRY	EQU	5		;entry point for the cp/m bdos.
    16                          TFCB	EQU	5CH		;default file control block.
    17                          TBUFF	EQU	80H		;i/o buffer and command line storage.
    18                          TBASE	EQU	100H		;transiant program storage area.
    19                          ;
    20                          ;   Set control character equates.
    21                          ;
    22                          CNTRLC	EQU	3		;control-c
    23                          CNTRLE	EQU	05H		;control-e
    24                          BS		EQU	08H		;backspace
    25                          TAB		EQU	09H		;tab
    26                          LF		EQU	0AH		;line feed
    27                          FF		EQU	0CH		;form feed
    28                          CR		EQU	0DH		;carriage return
    29                          CNTRLP	EQU	10H		;control-p
    30                          CNTRLR	EQU	12H		;control-r
    31                          CNTRLS	EQU	13H		;control-s
    32                          CNTRLU	EQU	15H		;control-u
    33                          CNTRLX	EQU	18H		;control-x
    34                          CNTRLZ	EQU	1AH		;control-z (end-of-file mark)
    35                          DEL		EQU	7FH		;rubout
    36                          
    37                          
    38                          ;
    39                          ;   Set origin for CP/M
    40                          ;
    41                          	; ORG set by top-level cpmz80neo.asm (SECTION CPM at CPM_BASE)
    42                          
    43  0000  c36203            CBASE:	JP	COMMAND		;execute command processor (ccp).
    44  0003  c35e03            	JP	CLEARBUF	;entry to empty input buffer before starting ccp.
    45                          
    46                          ;
    47                          ;   Standard cp/m ccp input buffer. Format is (max length),
    48                          ; (actual length), (char #1), (char #2), (char #3), etc.
    49                          ;
    50  0006  7f                INBUFF:	DEFB	127		;length of input buffer.
    51  0007  00                	DEFB	0		;current length of contents.
    52  0008  436f707972696768  	DEFB	"Copyright"
              74                
    53  0011  2031393739202863  	DEFB	" 1979 (c) by Digital Research      "
              2920627920446967  
              6974616c20526573  
              6561726368202020  
              202020            
    54  0034  0000000000000000  	DEFB	0,0,0,0,0,0,0,0,0,0,0,0,0,0,0,0,0,0,0,0,0,0,0
              0000000000000000  
              00000000000000    
    55  004b  0000000000000000  	DEFB	0,0,0,0,0,0,0,0,0,0,0,0,0,0,0,0,0,0,0,0,0,0,0
              0000000000000000  
              00000000000000    
    56  0062  0000000000000000  	DEFB	0,0,0,0,0,0,0,0,0,0,0,0,0,0,0,0,0,0,0,0,0,0,0
              0000000000000000  
              00000000000000    
    57  0079  0000000000000000  	DEFB	0,0,0,0,0,0,0,0,0,0,0,0,0,0,0
              00000000000000    
    58  0088  0800              INPOINT:DEFW	INBUFF+2	;input line pointer
    59  008a  0000              NAMEPNT:DEFW	0		;input line pointer used for error message. Points to
    60                          ;			;start of name in error.
    61                          ;
    62                          ;   Routine to print (A) on the console. All registers used.
    63                          ;
    64  008c  5f                PRINT:	LD	E,A		;setup bdos call.
    65  008d  0e02              	LD	C,2
    66  008f  c30500            	JP	ENTRY
    67                          ;
    68                          ;   Routine to print (A) on the console and to save (BC).
    69                          ;
    70  0092  c5                PRINTB:	PUSH	BC
    71  0093  cd8c00            	CALL	PRINT
    72  0096  c1                	POP	BC
    73  0097  c9                	RET
    74                          ;
    75                          ;   Routine to send a carriage return, line feed combination
    76                          ; to the console.
    77                          ;
    78  0098  3e0d              CRLF:	LD	A,CR
    79  009a  cd9200            	CALL	PRINTB
    80  009d  3e0a              	LD	A,LF
    81  009f  c39200            	JP	PRINTB
    82                          ;
    83                          ;   Routine to send one space to the console and save (BC).
    84                          ;
    85  00a2  3e20              SPACE:	LD	A,' '
    86  00a4  c39200            	JP	PRINTB
    87                          ;
    88                          ;   Routine to print character string pointed to be (BC) on the
    89                          ; console. It must terminate with a null byte.
    90                          ;
    91  00a7  c5                PLINE:	PUSH	BC
    92  00a8  cd9800            	CALL	CRLF
    93  00ab  e1                	POP	HL
    94  00ac  7e                PLINE2:	LD	A,(HL)
    95  00ad  b7                	OR	A
    96  00ae  c8                	RET	Z
    97  00af  23                	INC	HL
    98  00b0  e5                	PUSH	HL
    99  00b1  cd8c00            	CALL	PRINT
   100  00b4  e1                	POP	HL
   101  00b5  c3ac00            	JP	PLINE2
   102                          ;
   103                          ;   Routine to reset the disk system.
   104                          ;
   105  00b8  0e0d              RESDSK:	LD	C,13
   106  00ba  c30500            	JP	ENTRY
   107                          ;
   108                          ;   Routine to select disk (A).
   109                          ;
   110  00bd  5f                DSKSEL:	LD	E,A
   111  00be  0e0e              	LD	C,14
   112  00c0  c30500            	JP	ENTRY
   113                          ;
   114                          ;   Routine to call bdos and save the return code. The zero
   115                          ; flag is set on a return of 0ffh.
   116                          ;
   117  00c3  cd0500            ENTRY1:	CALL	ENTRY
   118  00c6  32f407            	LD	(RTNCODE),A	;save return code.
   119  00c9  3c                	INC	A		;set zero if 0ffh returned.
   120  00ca  c9                	RET
   121                          ;
   122                          ;   Routine to open a file. (DE) must point to the FCB.
   123                          ;
   124  00cb  0e0f              OPEN:	LD	C,15
   125  00cd  c3c300            	JP	ENTRY1
   126                          ;
   127                          ;   Routine to open file at (FCB).
   128                          ;
   129  00d0  af                OPENFCB:XOR	A		;clear the record number byte at fcb+32
   130  00d1  32f307            	LD	(FCB+32),A
   131  00d4  11d307            	LD	DE,FCB
   132  00d7  c3cb00            	JP	OPEN
   133                          ;
   134                          ;   Routine to close a file. (DE) points to FCB.
   135                          ;
   136  00da  0e10              CLOSE:	LD	C,16
   137  00dc  c3c300            	JP	ENTRY1
   138                          ;
   139                          ;   Routine to search for the first file with ambigueous name
   140                          ; (DE).
   141                          ;
   142  00df  0e11              SRCHFST:LD	C,17
   143  00e1  c3c300            	JP	ENTRY1
   144                          ;
   145                          ;   Search for the next ambigeous file name.
   146                          ;
   147  00e4  0e12              SRCHNXT:LD	C,18
   148  00e6  c3c300            	JP	ENTRY1
   149                          ;
   150                          ;   Search for file at (FCB).
   151                          ;
   152  00e9  11d307            SRCHFCB:LD	DE,FCB
   153  00ec  c3df00            	JP	SRCHFST
   154                          ;
   155                          ;   Routine to delete a file pointed to by (DE).
   156                          ;
   157  00ef  0e13              DELETE:	LD	C,19
   158  00f1  c30500            	JP	ENTRY
   159                          ;
   160                          ;   Routine to call the bdos and set the zero flag if a zero
   161                          ; status is returned.
   162                          ;
   163  00f4  cd0500            ENTRY2:	CALL	ENTRY
   164  00f7  b7                	OR	A		;set zero flag if appropriate.
   165  00f8  c9                	RET
   166                          ;
   167                          ;   Routine to read the next record from a sequential file.
   168                          ; (DE) points to the FCB.
   169                          ;
   170  00f9  0e14              RDREC:	LD	C,20
   171  00fb  c3f400            	JP	ENTRY2
   172                          ;
   173                          ;   Routine to read file at (FCB).
   174                          ;
   175  00fe  11d307            READFCB:LD	DE,FCB
   176  0101  c3f900            	JP	RDREC
   177                          ;
   178                          ;   Routine to write the next record of a sequential file.
   179                          ; (DE) points to the FCB.
   180                          ;
   181  0104  0e15              WRTREC:	LD	C,21
   182  0106  c3f400            	JP	ENTRY2
   183                          ;
   184                          ;   Routine to create the file pointed to by (DE).
   185                          ;
   186  0109  0e16              CREATE:	LD	C,22
   187  010b  c3c300            	JP	ENTRY1
   188                          ;
   189                          ;   Routine to rename the file pointed to by (DE). Note that
   190                          ; the new name starts at (DE+16).
   191                          ;
   192  010e  0e17              RENAM:	LD	C,23
   193  0110  c30500            	JP	ENTRY
   194                          ;
   195                          ;   Get the current user code.
   196                          ;
   197  0113  1eff              GETUSR:	LD	E,0FFH
   198                          ;
   199                          ;   Routne to get or set the current user code.
   200                          ; If (E) is FF then this is a GET, else it is a SET.
   201                          ;
   202  0115  0e20              GETSETUC: LD	C,32
   203  0117  c30500            	JP	ENTRY
   204                          ;
   205                          ;   Routine to set the current drive byte at (TDRIVE).
   206                          ;
   207  011a  cd1301            SETCDRV:CALL	GETUSR		;get user number
   208  011d  87                	ADD	A,A		;and shift into the upper 4 bits.
   209  011e  87                	ADD	A,A
   210  011f  87                	ADD	A,A
   211  0120  87                	ADD	A,A
   212  0121  21f507            	LD	HL,CDRIVE	;now add in the current drive number.
   213  0124  b6                	OR	(HL)
   214  0125  320400            	LD	(TDRIVE),A	;and save.
   215  0128  c9                	RET
   216                          ;
   217                          ;   Move currently active drive down to (TDRIVE).
   218                          ;
   219  0129  3af507            MOVECD:	LD	A,(CDRIVE)
   220  012c  320400            	LD	(TDRIVE),A
   221  012f  c9                	RET
   222                          ;
   223                          ;   Routine to convert (A) into upper case ascii. Only letters
   224                          ; are affected.
   225                          ;
   226  0130  fe61              UPPER:	CP	'a'		;check for letters in the range of 'a' to 'z'.
   227  0132  d8                	RET	C
   228  0133  fe7b              	CP	'{'
   229  0135  d0                	RET	NC
   230  0136  e65f              	AND	5FH		;convert it if found.
   231  0138  c9                	RET
   232                          ;
   233                          ;   Routine to get a line of input. We must check to see if the
   234                          ; user is in (BATCH) mode. If so, then read the input from file
   235                          ; ($$$.SUB). At the end, reset to console input.
   236                          ;
   237  0139  3ab107            GETINP:	LD	A,(BATCH)	;if =0, then use console input.
   238  013c  b7                	OR	A
   239  013d  ca9601            	JP	Z,GETINP1
   240                          ;
   241                          ;   Use the submit file ($$$.sub) which is prepared by a
   242                          ; SUBMIT run. It must be on drive (A) and it will be deleted
   243                          ; if and error occures (like eof).
   244                          ;
   245  0140  3af507            	LD	A,(CDRIVE)	;select drive 0 if need be.
   246  0143  b7                	OR	A
   247  0144  3e00              	LD	A,0		;always use drive A for submit.
   248  0146  c4bd00            	CALL	NZ,DSKSEL	;select it if required.
   249  0149  11b207            	LD	DE,BATCHFCB
   250  014c  cdcb00            	CALL	OPEN		;look for it.
   251  014f  ca9601            	JP	Z,GETINP1	;if not there, use normal input.
   252  0152  3ac107            	LD	A,(BATCHFCB+15)	;get last record number+1.
   253  0155  3d                	DEC	A
   254  0156  32d207            	LD	(BATCHFCB+32),A
   255  0159  11b207            	LD	DE,BATCHFCB
   256  015c  cdf900            	CALL	RDREC		;read last record.
   257  015f  c29601            	JP	NZ,GETINP1	;quit on end of file.
   258                          ;
   259                          ;   Move this record into input buffer.
   260                          ;
   261  0162  110700            	LD	DE,INBUFF+1
   262  0165  218000            	LD	HL,TBUFF	;data was read into buffer here.
   263  0168  0680              	LD	B,128		;all 128 characters may be used.
   264  016a  cd4804            	CALL	HL2DE		;(HL) to (DE), (B) bytes.
   265  016d  21c007            	LD	HL,BATCHFCB+14
   266  0170  3600              	LD	(HL),0		;zero out the 's2' byte.
   267  0172  23                	INC	HL		;and decrement the record count.
   268  0173  35                	DEC	(HL)
   269  0174  11b207            	LD	DE,BATCHFCB	;close the batch file now.
   270  0177  cdda00            	CALL	CLOSE
   271  017a  ca9601            	JP	Z,GETINP1	;quit on an error.
   272  017d  3af507            	LD	A,(CDRIVE)	;re-select previous drive if need be.
   273  0180  b7                	OR	A
   274  0181  c4bd00            	CALL	NZ,DSKSEL	;don't do needless selects.
   275                          ;
   276                          ;   Print line just read on console.
   277                          ;
   278  0184  210800            	LD	HL,INBUFF+2
   279  0187  cdac00            	CALL	PLINE2
   280  018a  cdc201            	CALL	CHKCON		;check console, quit on a key.
   281  018d  caa701            	JP	Z,GETINP2	;jump if no key is pressed.
   282                          ;
   283                          ;   Terminate the submit job on any keyboard input. Delete this
   284                          ; file such that it is not re-started and jump to normal keyboard
   285                          ; input section.
   286                          ;
   287  0190  cddd01            	CALL	DELBATCH	;delete the batch file.
   288  0193  c38803            	JP	CMMND1		;and restart command input.
   289                          ;
   290                          ;   Get here for normal keyboard input. Delete the submit file
   291                          ; incase there was one.
   292                          ;
   293  0196  cddd01            GETINP1:CALL	DELBATCH	;delete file ($$$.sub).
   294  0199  cd1a01            	CALL	SETCDRV		;reset active disk.
   295  019c  0e0a              	LD	C,10		;get line from console device.
   296  019e  110600            	LD	DE,INBUFF
   297  01a1  cd0500            	CALL	ENTRY
   298  01a4  cd2901            	CALL	MOVECD		;reset current drive (again).
   299                          ;
   300                          ;   Convert input line to upper case.
   301                          ;
   302  01a7  210700            GETINP2:LD	HL,INBUFF+1
   303  01aa  46                	LD	B,(HL)		;(B)=character counter.
   304  01ab  23                GETINP3:INC	HL
   305  01ac  78                	LD	A,B		;end of the line?
   306  01ad  b7                	OR	A
   307  01ae  caba01            	JP	Z,GETINP4
   308  01b1  7e                	LD	A,(HL)		;convert to upper case.
   309  01b2  cd3001            	CALL	UPPER
   310  01b5  77                	LD	(HL),A
   311  01b6  05                	DEC	B		;adjust character count.
   312  01b7  c3ab01            	JP	GETINP3
   313  01ba  77                GETINP4:LD	(HL),A		;add trailing null.
   314  01bb  210800            	LD	HL,INBUFF+2
   315  01be  228800            	LD	(INPOINT),HL	;reset input line pointer.
   316  01c1  c9                	RET
   317                          ;
   318                          ;   Routine to check the console for a key pressed. The zero
   319                          ; flag is set is none, else the character is returned in (A).
   320                          ;
   321  01c2  0e0b              CHKCON:	LD	C,11		;check console.
   322  01c4  cd0500            	CALL	ENTRY
   323  01c7  b7                	OR	A
   324  01c8  c8                	RET	Z		;return if nothing.
   325  01c9  0e01              	LD	C,1		;else get character.
   326  01cb  cd0500            	CALL	ENTRY
   327  01ce  b7                	OR	A		;clear zero flag and return.
   328  01cf  c9                	RET
   329                          ;
   330                          ;   Routine to get the currently active drive number.
   331                          ;
   332  01d0  0e19              GETDSK:	LD	C,25
   333  01d2  c30500            	JP	ENTRY
   334                          ;
   335                          ;   Set the stabdard dma address.
   336                          ;
   337  01d5  118000            STDDMA:	LD	DE,TBUFF
   338                          ;
   339                          ;   Routine to set the dma address to (DE).
   340                          ;
   341  01d8  0e1a              DMASET:	LD	C,26
   342  01da  c30500            	JP	ENTRY
   343                          ;
   344                          ;  Delete the batch file created by SUBMIT.
   345                          ;
   346  01dd  21b107            DELBATCH: LD	HL,BATCH	;is batch active?
   347  01e0  7e                	LD	A,(HL)
   348  01e1  b7                	OR	A
   349  01e2  c8                	RET	Z
   350  01e3  3600              	LD	(HL),0		;yes, de-activate it.
   351  01e5  af                	XOR	A
   352  01e6  cdbd00            	CALL	DSKSEL		;select drive 0 for sure.
   353  01e9  11b207            	LD	DE,BATCHFCB	;and delete this file.
   354  01ec  cdef00            	CALL	DELETE
   355  01ef  3af507            	LD	A,(CDRIVE)	;reset current drive.
   356  01f2  c3bd00            	JP	DSKSEL
   357                          ;
   358                          ;   Check to two strings at (PATTRN1) and (PATTRN2). They must be
   359                          ; the same or we halt....
   360                          ;
   361  01f5  112e03            VERIFY:	LD	DE,PATTRN1	;these are the serial number bytes.
   362  01f8  210608            	LD	HL,PATTRN2	;ditto, but how could they be different?
   363  01fb  0606              	LD	B,6		;6 bytes each.
   364  01fd  1a                VERIFY1:LD	A,(DE)
   365  01fe  be                	CP	(HL)
   366  01ff  c2d503            	JP	NZ,HALT		;jump to halt routine.
   367  0202  13                	INC	DE
   368  0203  23                	INC	HL
   369  0204  05                	DEC	B
   370  0205  c2fd01            	JP	NZ,VERIFY1
   371  0208  c9                	RET
   372                          ;
   373                          ;   Print back file name with a '?' to indicate a syntax error.
   374                          ;
   375  0209  cd9800            SYNERR:	CALL	CRLF		;end current line.
   376  020c  2a8a00            	LD	HL,(NAMEPNT)	;this points to name in error.
   377  020f  7e                SYNERR1:LD	A,(HL)		;print it until a space or null is found.
   378  0210  fe20              	CP	' '
   379  0212  ca2202            	JP	Z,SYNERR2
   380  0215  b7                	OR	A
   381  0216  ca2202            	JP	Z,SYNERR2
   382  0219  e5                	PUSH	HL
   383  021a  cd8c00            	CALL	PRINT
   384  021d  e1                	POP	HL
   385  021e  23                	INC	HL
   386  021f  c30f02            	JP	SYNERR1
   387  0222  3e3f              SYNERR2:LD	A,'?'		;add trailing '?'.
   388  0224  cd8c00            	CALL	PRINT
   389  0227  cd9800            	CALL	CRLF
   390  022a  cddd01            	CALL	DELBATCH	;delete any batch file.
   391  022d  c38803            	JP	CMMND1		;and restart from console input.
   392                          ;
   393                          ;   Check character at (DE) for legal command input. Note that the
   394                          ; zero flag is set if the character is a delimiter.
   395                          ;
   396  0230  1a                CHECK:	LD	A,(DE)
   397  0231  b7                	OR	A
   398  0232  c8                	RET	Z
   399  0233  fe20              	CP	' '		;control characters are not legal here.
   400  0235  da0902            	JP	C,SYNERR
   401  0238  c8                	RET	Z		;check for valid delimiter.
   402  0239  fe3d              	CP	'='
   403  023b  c8                	RET	Z
   404  023c  fe5f              	CP	'_'
   405  023e  c8                	RET	Z
   406  023f  fe2e              	CP	'.'
   407  0241  c8                	RET	Z
   408  0242  fe3a              	CP	':'
   409  0244  c8                	RET	Z
   410  0245  fe3b              	CP	';'
   411  0247  c8                	RET	Z
   412  0248  fe3c              	CP	'<'
   413  024a  c8                	RET	Z
   414  024b  fe3e              	CP	'>'
   415  024d  c8                	RET	Z
   416  024e  c9                	RET
   417                          ;
   418                          ;   Get the next non-blank character from (DE).
   419                          ;
   420  024f  1a                NONBLANK: LD	A,(DE)
   421  0250  b7                	OR	A		;string ends with a null.
   422  0251  c8                	RET	Z
   423  0252  fe20              	CP	' '
   424  0254  c0                	RET	NZ
   425  0255  13                	INC	DE
   426  0256  c34f02            	JP	NONBLANK
   427                          ;
   428                          ;   Add (HL)=(HL)+(A)
   429                          ;
   430  0259  85                ADDHL:	ADD	A,L
   431  025a  6f                	LD	L,A
   432  025b  d0                	RET	NC		;take care of any carry.
   433  025c  24                	INC	H
   434  025d  c9                	RET
   435                          ;
   436                          ;   Convert the first name in (FCB).
   437                          ;
   438  025e  3e00              CONVFST:LD	A,0
   439                          ;
   440                          ;   Format a file name (convert * to '?', etc.). On return,
   441                          ; (A)=0 is an unambigeous name was specified. Enter with (A) equal to
   442                          ; the position within the fcb for the name (either 0 or 16).
   443                          ;
   444  0260  21d307            CONVERT:LD	HL,FCB
   445  0263  cd5902            	CALL	ADDHL
   446  0266  e5                	PUSH	HL
   447  0267  e5                	PUSH	HL
   448  0268  af                	XOR	A
   449  0269  32f607            	LD	(CHGDRV),A	;initialize drive change flag.
   450  026c  2a8800            	LD	HL,(INPOINT)	;set (HL) as pointer into input line.
   451  026f  eb                	EX	DE,HL
   452  0270  cd4f02            	CALL	NONBLANK	;get next non-blank character.
   453  0273  eb                	EX	DE,HL
   454  0274  228a00            	LD	(NAMEPNT),HL	;save pointer here for any error message.
   455  0277  eb                	EX	DE,HL
   456  0278  e1                	POP	HL
   457  0279  1a                	LD	A,(DE)		;get first character.
   458  027a  b7                	OR	A
   459  027b  ca8902            	JP	Z,CONVRT1
   460  027e  de40              	SBC	A,'A'-1		;might be a drive name, convert to binary.
   461  0280  47                	LD	B,A		;and save.
   462  0281  13                	INC	DE		;check next character for a ':'.
   463  0282  1a                	LD	A,(DE)
   464  0283  fe3a              	CP	':'
   465  0285  ca9002            	JP	Z,CONVRT2
   466  0288  1b                	DEC	DE		;nope, move pointer back to the start of the line.
   467  0289  3af507            CONVRT1:LD	A,(CDRIVE)
   468  028c  77                	LD	(HL),A
   469  028d  c39602            	JP	CONVRT3
   470  0290  78                CONVRT2:LD	A,B
   471  0291  32f607            	LD	(CHGDRV),A	;set change in drives flag.
   472  0294  70                	LD	(HL),B
   473  0295  13                	INC	DE
   474                          ;
   475                          ;   Convert the basic file name.
   476                          ;
   477  0296  0608              CONVRT3:LD	B,08H
   478  0298  cd3002            CONVRT4:CALL	CHECK
   479  029b  cab902            	JP	Z,CONVRT8
   480  029e  23                	INC	HL
   481  029f  fe2a              	CP	'*'		;note that an '*' will fill the remaining
   482  02a1  c2a902            	JP	NZ,CONVRT5	;field with '?'.
   483  02a4  363f              	LD	(HL),'?'
   484  02a6  c3ab02            	JP	CONVRT6
   485  02a9  77                CONVRT5:LD	(HL),A
   486  02aa  13                	INC	DE
   487  02ab  05                CONVRT6:DEC	B
   488  02ac  c29802            	JP	NZ,CONVRT4
   489  02af  cd3002            CONVRT7:CALL	CHECK		;get next delimiter.
   490  02b2  cac002            	JP	Z,GETEXT
   491  02b5  13                	INC	DE
   492  02b6  c3af02            	JP	CONVRT7
   493  02b9  23                CONVRT8:INC	HL		;blank fill the file name.
   494  02ba  3620              	LD	(HL),' '
   495  02bc  05                	DEC	B
   496  02bd  c2b902            	JP	NZ,CONVRT8
   497                          ;
   498                          ;   Get the extension and convert it.
   499                          ;
   500  02c0  0603              GETEXT:	LD	B,03H
   501  02c2  fe2e              	CP	'.'
   502  02c4  c2e902            	JP	NZ,GETEXT5
   503  02c7  13                	INC	DE
   504  02c8  cd3002            GETEXT1:CALL	CHECK
   505  02cb  cae902            	JP	Z,GETEXT5
   506  02ce  23                	INC	HL
   507  02cf  fe2a              	CP	'*'
   508  02d1  c2d902            	JP	NZ,GETEXT2
   509  02d4  363f              	LD	(HL),'?'
   510  02d6  c3db02            	JP	GETEXT3
   511  02d9  77                GETEXT2:LD	(HL),A
   512  02da  13                	INC	DE
   513  02db  05                GETEXT3:DEC	B
   514  02dc  c2c802            	JP	NZ,GETEXT1
   515  02df  cd3002            GETEXT4:CALL	CHECK
   516  02e2  caf002            	JP	Z,GETEXT6
   517  02e5  13                	INC	DE
   518  02e6  c3df02            	JP	GETEXT4
   519  02e9  23                GETEXT5:INC	HL
   520  02ea  3620              	LD	(HL),' '
   521  02ec  05                	DEC	B
   522  02ed  c2e902            	JP	NZ,GETEXT5
   523  02f0  0603              GETEXT6:LD	B,3
   524  02f2  23                GETEXT7:INC	HL
   525  02f3  3600              	LD	(HL),0
   526  02f5  05                	DEC	B
   527  02f6  c2f202            	JP	NZ,GETEXT7
   528  02f9  eb                	EX	DE,HL
   529  02fa  228800            	LD	(INPOINT),HL	;save input line pointer.
   530  02fd  e1                	POP	HL
   531                          ;
   532                          ;   Check to see if this is an ambigeous file name specification.
   533                          ; Set the (A) register to non zero if it is.
   534                          ;
   535  02fe  010b00            	LD	BC,11		;set name length.
   536  0301  23                GETEXT8:INC	HL
   537  0302  7e                	LD	A,(HL)
   538  0303  fe3f              	CP	'?'		;any question marks?
   539  0305  c20903            	JP	NZ,GETEXT9
   540  0308  04                	INC	B		;count them.
   541  0309  0d                GETEXT9:DEC	C
   542  030a  c20103            	JP	NZ,GETEXT8
   543  030d  78                	LD	A,B
   544  030e  b7                	OR	A
   545  030f  c9                	RET
   546                          ;
   547                          ;   CP/M command table. Note commands can be either 3 or 4 characters long.
   548                          ;
   549                          NUMCMDS EQU	6		;number of commands
   550  0310  4449522000        CMDTBL:	DEFB	"DIR ",0
   551  0315  4552412000        	DEFB	"ERA ",0
   552  031a  5459504500        	DEFB	"TYPE",0
   553  031f  5341564500        	DEFB	"SAVE",0
   554  0324  52454e2000        	DEFB	"REN ",0
   555  0329  5553455200        	DEFB	"USER",0
   556                          ;
   557                          ;   The following six bytes must agree with those at (PATTRN2)
   558                          ; or cp/m will HALT. Why?
   559                          ;
   560  032e  001600000000      PATTRN1:DEFB	0,22,0,0,0,0	;(* serial number bytes *).
   561                          ;
   562                          ;   Search the command table for a match with what has just
   563                          ; been entered. If a match is found, then we jump to the
   564                          ; proper section. Else jump to (UNKNOWN).
   565                          ; On return, the (C) register is set to the command number
   566                          ; that matched (or NUMCMDS+1 if no match).
   567                          ;
   568  0334  211003            SEARCH:	LD	HL,CMDTBL
   569  0337  0e00              	LD	C,0
   570  0339  79                SEARCH1:LD	A,C
   571  033a  fe06              	CP	NUMCMDS		;this commands exists.
   572  033c  d0                	RET	NC
   573  033d  11d407            	LD	DE,FCB+1	;check this one.
   574  0340  0604              	LD	B,4		;max command length.
   575  0342  1a                SEARCH2:LD	A,(DE)
   576  0343  be                	CP	(HL)
   577  0344  c25503            	JP	NZ,SEARCH3	;not a match.
   578  0347  13                	INC	DE
   579  0348  23                	INC	HL
   580  0349  05                	DEC	B
   581  034a  c24203            	JP	NZ,SEARCH2
   582  034d  1a                	LD	A,(DE)		;allow a 3 character command to match.
   583  034e  fe20              	CP	' '
   584  0350  c25a03            	JP	NZ,SEARCH4
   585  0353  79                	LD	A,C		;set return register for this command.
   586  0354  c9                	RET
   587  0355  23                SEARCH3:INC	HL
   588  0356  05                	DEC	B
   589  0357  c25503            	JP	NZ,SEARCH3
   590  035a  0c                SEARCH4:INC	C
   591  035b  c33903            	JP	SEARCH1
   592                          ;
   593                          ;   Set the input buffer to empty and then start the command
   594                          ; processor (ccp).
   595                          ;
   596  035e  af                CLEARBUF: XOR	A
   597  035f  320700            	LD	(INBUFF+1),A	;second byte is actual length.
   598                          ;
   599                          ;**************************************************************
   600                          ;*
   601                          ;*
   602                          ;* C C P  -   C o n s o l e   C o m m a n d   P r o c e s s o r
   603                          ;*
   604                          ;**************************************************************
   605                          ;*
   606  0362  31b107            COMMAND:LD	SP,CCPSTACK	;setup stack area.
   607  0365  c5                	PUSH	BC		;note that (C) should be equal to:
   608  0366  79                	LD	A,C		;(uuuudddd) where 'uuuu' is the user number
   609  0367  1f                	RRA			;and 'dddd' is the drive number.
   610  0368  1f                	RRA
   611  0369  1f                	RRA
   612  036a  1f                	RRA
   613  036b  e60f              	AND	0FH		;isolate the user number.
   614  036d  5f                	LD	E,A
   615  036e  cd1501            	CALL	GETSETUC	;and set it.
   616  0371  cdb800            	CALL	RESDSK		;reset the disk system.
   617  0374  32b107            	LD	(BATCH),A	;clear batch mode flag.
   618  0377  c1                	POP	BC
   619  0378  79                	LD	A,C
   620  0379  e60f              	AND	0FH		;isolate the drive number.
   621  037b  32f507            	LD	(CDRIVE),A	;and save.
   622  037e  cdbd00            	CALL	DSKSEL		;...and select.
   623  0381  3a0700            	LD	A,(INBUFF+1)
   624  0384  b7                	OR	A		;anything in input buffer already?
   625  0385  c29e03            	JP	NZ,CMMND2	;yes, we just process it.
   626                          ;
   627                          ;   Entry point to get a command line from the console.
   628                          ;
   629  0388  31b107            CMMND1:	LD	SP,CCPSTACK	;set stack straight.
   630  038b  cd9800            	CALL	CRLF		;start a new line on the screen.
   631  038e  cdd001            	CALL	GETDSK		;get current drive.
   632  0391  c661              	ADD	A,'a'
   633  0393  cd8c00            	CALL	PRINT		;print current drive.
   634  0396  3e3e              	LD	A,'>'
   635  0398  cd8c00            	CALL	PRINT		;and add prompt.
   636  039b  cd3901            	CALL	GETINP		;get line from user.
   637                          ;
   638                          ;   Process command line here.
   639                          ;
   640  039e  118000            CMMND2:	LD	DE,TBUFF
   641  03a1  cdd801            	CALL	DMASET		;set standard dma address.
   642  03a4  cdd001            	CALL	GETDSK
   643  03a7  32f507            	LD	(CDRIVE),A	;set current drive.
   644  03aa  cd5e02            	CALL	CONVFST		;convert name typed in.
   645  03ad  c40902            	CALL	NZ,SYNERR	;wild cards are not allowed.
   646  03b0  3af607            	LD	A,(CHGDRV)	;if a change in drives was indicated,
   647  03b3  b7                	OR	A		;then treat this as an unknown command
   648  03b4  c2ab06            	JP	NZ,UNKNOWN	;which gets executed.
   649  03b7  cd3403            	CALL	SEARCH		;else search command table for a match.
   650                          ;
   651                          ;   Note that an unknown command returns
   652                          ; with (A) pointing to the last address
   653                          ; in our table which is (UNKNOWN).
   654                          ;
   655  03ba  21c703            	LD	HL,CMDADR	;now, look thru our address table for command (A).
   656  03bd  5f                	LD	E,A		;set (DE) to command number.
   657  03be  1600              	LD	D,0
   658  03c0  19                	ADD	HL,DE
   659  03c1  19                	ADD	HL,DE		;(HL)=(CMDADR)+2*(command number).
   660  03c2  7e                	LD	A,(HL)		;now pick out this address.
   661  03c3  23                	INC	HL
   662  03c4  66                	LD	H,(HL)
   663  03c5  6f                	LD	L,A
   664  03c6  e9                	JP	(HL)		;now execute it.
   665                          ;
   666                          ;   CP/M command address table.
   667                          ;
   668  03c7  7d0425056305b305  CMDADR:	DEFW	DIRECT,ERASE,TYPE,SAVE
   669  03cf  16069406ab06      	DEFW	RENAME,USER,UNKNOWN
   670                          ;
   671                          ;   Halt the system. Reason for this is unknown at present.
   672                          ;
   673  03d5  21f376            HALT:	LD	HL,76F3H	;'DI HLT' instructions.
   674  03d8  220000            	LD	(CBASE),HL
   675  03db  210000            	LD	HL,CBASE
   676  03de  e9                	JP	(HL)
   677                          ;
   678                          ;   Read error while TYPEing a file.
   679                          ;
   680  03df  01e503            RDERROR:LD	BC,RDERR
   681  03e2  c3a700            	JP	PLINE
   682  03e5  5265616420657272  RDERR:	DEFB	"Read error",0
              6f7200            
   683                          ;
   684                          ;   Required file was not located.
   685                          ;
   686  03f0  01f603            NONE:	LD	BC,NOFILE
   687  03f3  c3a700            	JP	PLINE
   688  03f6  4e6f2066696c6500  NOFILE:	DEFB	"No file",0
   689                          ;
   690                          ;   Decode a command of the form 'A>filename number{ filename}.
   691                          ; Note that a drive specifier is not allowed on the first file
   692                          ; name. On return, the number is in register (A). Any error
   693                          ; causes 'filename?' to be printed and the command is aborted.
   694                          ;
   695  03fe  cd5e02            DECODE:	CALL	CONVFST		;convert filename.
   696  0401  3af607            	LD	A,(CHGDRV)	;do not allow a drive to be specified.
   697  0404  b7                	OR	A
   698  0405  c20902            	JP	NZ,SYNERR
   699  0408  21d407            	LD	HL,FCB+1	;convert number now.
   700  040b  010b00            	LD	BC,11		;(B)=sum register, (C)=max digit count.
   701  040e  7e                DECODE1:LD	A,(HL)
   702  040f  fe20              	CP	' '		;a space terminates the numeral.
   703  0411  ca3904            	JP	Z,DECODE3
   704  0414  23                	INC	HL
   705  0415  d630              	SUB	'0'		;make binary from ascii.
   706  0417  fe0a              	CP	10		;legal digit?
   707  0419  d20902            	JP	NC,SYNERR
   708  041c  57                	LD	D,A		;yes, save it in (D).
   709  041d  78                	LD	A,B		;compute (B)=(B)*10 and check for overflow.
   710  041e  e6e0              	AND	0E0H
   711  0420  c20902            	JP	NZ,SYNERR
   712  0423  78                	LD	A,B
   713  0424  07                	RLCA
   714  0425  07                	RLCA
   715  0426  07                	RLCA			;(A)=(B)*8
   716  0427  80                	ADD	A,B		;.......*9
   717  0428  da0902            	JP	C,SYNERR
   718  042b  80                	ADD	A,B		;.......*10
   719  042c  da0902            	JP	C,SYNERR
   720  042f  82                	ADD	A,D		;add in new digit now.
   721  0430  da0902            DECODE2:JP	C,SYNERR
   722  0433  47                	LD	B,A		;and save result.
   723  0434  0d                	DEC	C		;only look at 11 digits.
   724  0435  c20e04            	JP	NZ,DECODE1
   725  0438  c9                	RET
   726  0439  7e                DECODE3:LD	A,(HL)		;spaces must follow (why?).
   727  043a  fe20              	CP	' '
   728  043c  c20902            	JP	NZ,SYNERR
   729  043f  23                	INC	HL
   730  0440  0d                DECODE4:DEC	C
   731  0441  c23904            	JP	NZ,DECODE3
   732  0444  78                	LD	A,B		;set (A)=the numeric value entered.
   733  0445  c9                	RET
   734                          ;
   735                          ;   Move 3 bytes from (HL) to (DE). Note that there is only
   736                          ; one reference to this at (A2D5h).
   737                          ;
   738  0446  0603              MOVE3:	LD	B,3
   739                          ;
   740                          ;   Move (B) bytes from (HL) to (DE).
   741                          ;
   742  0448  7e                HL2DE:	LD	A,(HL)
   743  0449  12                	LD	(DE),A
   744  044a  23                	INC	HL
   745  044b  13                	INC	DE
   746  044c  05                	DEC	B
   747  044d  c24804            	JP	NZ,HL2DE
   748  0450  c9                	RET
   749                          ;
   750                          ;   Compute (HL)=(TBUFF)+(A)+(C) and get the byte that's here.
   751                          ;
   752  0451  218000            EXTRACT:LD	HL,TBUFF
   753  0454  81                	ADD	A,C
   754  0455  cd5902            	CALL	ADDHL
   755  0458  7e                	LD	A,(HL)
   756  0459  c9                	RET
   757                          ;
   758                          ;  Check drive specified. If it means a change, then the new
   759                          ; drive will be selected. In any case, the drive byte of the
   760                          ; fcb will be set to null (means use current drive).
   761                          ;
   762  045a  af                DSELECT:XOR	A		;null out first byte of fcb.
   763  045b  32d307            	LD	(FCB),A
   764  045e  3af607            	LD	A,(CHGDRV)	;a drive change indicated?
   765  0461  b7                	OR	A
   766  0462  c8                	RET	Z
   767  0463  3d                	DEC	A		;yes, is it the same as the current drive?
   768  0464  21f507            	LD	HL,CDRIVE
   769  0467  be                	CP	(HL)
   770  0468  c8                	RET	Z
   771  0469  c3bd00            	JP	DSKSEL		;no. Select it then.
   772                          ;
   773                          ;   Check the drive selection and reset it to the previous
   774                          ; drive if it was changed for the preceeding command.
   775                          ;
   776  046c  3af607            RESETDR:LD	A,(CHGDRV)	;drive change indicated?
   777  046f  b7                	OR	A
   778  0470  c8                	RET	Z
   779  0471  3d                	DEC	A		;yes, was it a different drive?
   780  0472  21f507            	LD	HL,CDRIVE
   781  0475  be                	CP	(HL)
   782  0476  c8                	RET	Z
   783  0477  3af507            	LD	A,(CDRIVE)	;yes, re-select our old drive.
   784  047a  c3bd00            	JP	DSKSEL
   785                          ;
   786                          ;**************************************************************
   787                          ;*
   788                          ;*           D I R E C T O R Y   C O M M A N D
   789                          ;*
   790                          ;**************************************************************
   791                          ;
   792  047d  cd5e02            DIRECT:	CALL	CONVFST		;convert file name.
   793  0480  cd5a04            	CALL	DSELECT		;select indicated drive.
   794  0483  21d407            	LD	HL,FCB+1	;was any file indicated?
   795  0486  7e                	LD	A,(HL)
   796  0487  fe20              	CP	' '
   797  0489  c29504            	JP	NZ,DIRECT2
   798  048c  060b              	LD	B,11		;no. Fill field with '?' - same as *.*.
   799  048e  363f              DIRECT1:LD	(HL),'?'
   800  0490  23                	INC	HL
   801  0491  05                	DEC	B
   802  0492  c28e04            	JP	NZ,DIRECT1
   803  0495  1e00              DIRECT2:LD	E,0		;set initial cursor position.
   804  0497  d5                	PUSH	DE
   805  0498  cde900            	CALL	SRCHFCB		;get first file name.
   806  049b  ccf003            	CALL	Z,NONE		;none found at all?
   807  049e  ca2105            DIRECT3:JP	Z,DIRECT9	;terminate if no more names.
   808  04a1  3af407            	LD	A,(RTNCODE)	;get file's position in segment (0-3).
   809  04a4  0f                	RRCA
   810  04a5  0f                	RRCA
   811  04a6  0f                	RRCA
   812  04a7  e660              	AND	60H		;(A)=position*32
   813  04a9  4f                	LD	C,A
   814  04aa  3e0a              	LD	A,10
   815  04ac  cd5104            	CALL	EXTRACT		;extract the tenth entry in fcb.
   816  04af  17                	RLA			;check system file status bit.
   817  04b0  da1505            	JP	C,DIRECT8	;we don't list them.
   818  04b3  d1                	POP	DE
   819  04b4  7b                	LD	A,E		;bump name count.
   820  04b5  1c                	INC	E
   821  04b6  d5                	PUSH	DE
   822  04b7  e603              	AND	03H		;at end of line?
   823  04b9  f5                	PUSH	AF
   824  04ba  c2d204            	JP	NZ,DIRECT4
   825  04bd  cd9800            	CALL	CRLF		;yes, end this line and start another.
   826  04c0  c5                	PUSH	BC
   827  04c1  cdd001            	CALL	GETDSK		;start line with ('A:').
   828  04c4  c1                	POP	BC
   829  04c5  c641              	ADD	A,'A'
   830  04c7  cd9200            	CALL	PRINTB
   831  04ca  3e3a              	LD	A,':'
   832  04cc  cd9200            	CALL	PRINTB
   833  04cf  c3da04            	JP	DIRECT5
   834  04d2  cda200            DIRECT4:CALL	SPACE		;add seperator between file names.
   835  04d5  3e3a              	LD	A,':'
   836  04d7  cd9200            	CALL	PRINTB
   837  04da  cda200            DIRECT5:CALL	SPACE
   838  04dd  0601              	LD	B,1		;'extract' each file name character at a time.
   839  04df  78                DIRECT6:LD	A,B
   840  04e0  cd5104            	CALL	EXTRACT
   841  04e3  e67f              	AND	7FH		;strip bit 7 (status bit).
   842  04e5  fe20              	CP	' '		;are we at the end of the name?
   843  04e7  c2ff04            	JP	NZ,DRECT65
   844  04ea  f1                	POP	AF		;yes, don't print spaces at the end of a line.
   845  04eb  f5                	PUSH	AF
   846  04ec  fe03              	CP	3
   847  04ee  c2fd04            	JP	NZ,DRECT63
   848  04f1  3e09              	LD	A,9		;first check for no extension.
   849  04f3  cd5104            	CALL	EXTRACT
   850  04f6  e67f              	AND	7FH
   851  04f8  fe20              	CP	' '
   852  04fa  ca1405            	JP	Z,DIRECT7	;don't print spaces.
   853  04fd  3e20              DRECT63:LD	A,' '		;else print them.
   854  04ff  cd9200            DRECT65:CALL	PRINTB
   855  0502  04                	INC	B		;bump to next character psoition.
   856  0503  78                	LD	A,B
   857  0504  fe0c              	CP	12		;end of the name?
   858  0506  d21405            	JP	NC,DIRECT7
   859  0509  fe09              	CP	9		;nope, starting extension?
   860  050b  c2df04            	JP	NZ,DIRECT6
   861  050e  cda200            	CALL	SPACE		;yes, add seperating space.
   862  0511  c3df04            	JP	DIRECT6
   863  0514  f1                DIRECT7:POP	AF		;get the next file name.
   864  0515  cdc201            DIRECT8:CALL	CHKCON		;first check console, quit on anything.
   865  0518  c22105            	JP	NZ,DIRECT9
   866  051b  cde400            	CALL	SRCHNXT		;get next name.
   867  051e  c39e04            	JP	DIRECT3		;and continue with our list.
   868  0521  d1                DIRECT9:POP	DE		;restore the stack and return to command level.
   869  0522  c38c07            	JP	GETBACK
   870                          ;
   871                          ;**************************************************************
   872                          ;*
   873                          ;*                E R A S E   C O M M A N D
   874                          ;*
   875                          ;**************************************************************
   876                          ;
   877  0525  cd5e02            ERASE:	CALL	CONVFST		;convert file name.
   878  0528  fe0b              	CP	11		;was '*.*' entered?
   879  052a  c24805            	JP	NZ,ERASE1
   880  052d  015805            	LD	BC,YESNO	;yes, ask for confirmation.
   881  0530  cda700            	CALL	PLINE
   882  0533  cd3901            	CALL	GETINP
   883  0536  210700            	LD	HL,INBUFF+1
   884  0539  35                	DEC	(HL)		;must be exactly 'y'.
   885  053a  c28803            	JP	NZ,CMMND1
   886  053d  23                	INC	HL
   887  053e  7e                	LD	A,(HL)
   888  053f  fe59              	CP	'Y'
   889  0541  c28803            	JP	NZ,CMMND1
   890  0544  23                	INC	HL
   891  0545  228800            	LD	(INPOINT),HL	;save input line pointer.
   892  0548  cd5a04            ERASE1:	CALL	DSELECT		;select desired disk.
   893  054b  11d307            	LD	DE,FCB
   894  054e  cdef00            	CALL	DELETE		;delete the file.
   895  0551  3c                	INC	A
   896  0552  ccf003            	CALL	Z,NONE		;not there?
   897  0555  c38c07            	JP	GETBACK		;return to command level now.
   898  0558  416c6c2028792f6e  YESNO:	DEFB	"All (y/n)?",0
              293f00            
   899                          ;
   900                          ;**************************************************************
   901                          ;*
   902                          ;*            T Y P E   C O M M A N D
   903                          ;*
   904                          ;**************************************************************
   905                          ;
   906  0563  cd5e02            TYPE:	CALL	CONVFST		;convert file name.
   907  0566  c20902            	JP	NZ,SYNERR	;wild cards not allowed.
   908  0569  cd5a04            	CALL	DSELECT		;select indicated drive.
   909  056c  cdd000            	CALL	OPENFCB		;open the file.
   910  056f  caad05            	JP	Z,TYPE5		;not there?
   911  0572  cd9800            	CALL	CRLF		;ok, start a new line on the screen.
   912  0575  21f707            	LD	HL,NBYTES	;initialize byte counter.
   913  0578  36ff              	LD	(HL),0FFH	;set to read first sector.
   914  057a  21f707            TYPE1:	LD	HL,NBYTES
   915  057d  7e                TYPE2:	LD	A,(HL)		;have we written the entire sector?
   916  057e  fe80              	CP	128
   917  0580  da8d05            	JP	C,TYPE3
   918  0583  e5                	PUSH	HL		;yes, read in the next one.
   919  0584  cdfe00            	CALL	READFCB
   920  0587  e1                	POP	HL
   921  0588  c2a605            	JP	NZ,TYPE4	;end or error?
   922  058b  af                	XOR	A		;ok, clear byte counter.
   923  058c  77                	LD	(HL),A
   924  058d  34                TYPE3:	INC	(HL)		;count this byte.
   925  058e  218000            	LD	HL,TBUFF	;and get the (A)th one from the buffer (TBUFF).
   926  0591  cd5902            	CALL	ADDHL
   927  0594  7e                	LD	A,(HL)
   928  0595  fe1a              	CP	CNTRLZ		;end of file mark?
   929  0597  ca8c07            	JP	Z,GETBACK
   930  059a  cd8c00            	CALL	PRINT		;no, print it.
   931  059d  cdc201            	CALL	CHKCON		;check console, quit if anything ready.
   932  05a0  c28c07            	JP	NZ,GETBACK
   933  05a3  c37a05            	JP	TYPE1
   934                          ;
   935                          ;   Get here on an end of file or read error.
   936                          ;
   937  05a6  3d                TYPE4:	DEC	A		;read error?
   938  05a7  ca8c07            	JP	Z,GETBACK
   939  05aa  cddf03            	CALL	RDERROR		;yes, print message.
   940  05ad  cd6c04            TYPE5:	CALL	RESETDR		;and reset proper drive
   941  05b0  c30902            	JP	SYNERR		;now print file name with problem.
   942                          ;
   943                          ;**************************************************************
   944                          ;*
   945                          ;*            S A V E   C O M M A N D
   946                          ;*
   947                          ;**************************************************************
   948                          ;
   949  05b3  cdfe03            SAVE:	CALL	DECODE		;get numeric number that follows SAVE.
   950  05b6  f5                	PUSH	AF		;save number of pages to write.
   951  05b7  cd5e02            	CALL	CONVFST		;convert file name.
   952  05ba  c20902            	JP	NZ,SYNERR	;wild cards not allowed.
   953  05bd  cd5a04            	CALL	DSELECT		;select specified drive.
   954  05c0  11d307            	LD	DE,FCB		;now delete this file.
   955  05c3  d5                	PUSH	DE
   956  05c4  cdef00            	CALL	DELETE
   957  05c7  d1                	POP	DE
   958  05c8  cd0901            	CALL	CREATE		;and create it again.
   959  05cb  ca0106            	JP	Z,SAVE3		;can't create?
   960  05ce  af                	XOR	A		;clear record number byte.
   961  05cf  32f307            	LD	(FCB+32),A
   962  05d2  f1                	POP	AF		;convert pages to sectors.
   963  05d3  6f                	LD	L,A
   964  05d4  2600              	LD	H,0
   965  05d6  29                	ADD	HL,HL		;(HL)=number of sectors to write.
   966  05d7  110001            	LD	DE,TBASE	;and we start from here.
   967  05da  7c                SAVE1:	LD	A,H		;done yet?
   968  05db  b5                	OR	L
   969  05dc  caf705            	JP	Z,SAVE2
   970  05df  2b                	DEC	HL		;nope, count this and compute the start
   971  05e0  e5                	PUSH	HL		;of the next 128 byte sector.
   972  05e1  218000            	LD	HL,128
   973  05e4  19                	ADD	HL,DE
   974  05e5  e5                	PUSH	HL		;save it and set the transfer address.
   975  05e6  cdd801            	CALL	DMASET
   976  05e9  11d307            	LD	DE,FCB		;write out this sector now.
   977  05ec  cd0401            	CALL	WRTREC
   978  05ef  d1                	POP	DE		;reset (DE) to the start of the last sector.
   979  05f0  e1                	POP	HL		;restore sector count.
   980  05f1  c20106            	JP	NZ,SAVE3	;write error?
   981  05f4  c3da05            	JP	SAVE1
   982                          ;
   983                          ;   Get here after writing all of the file.
   984                          ;
   985  05f7  11d307            SAVE2:	LD	DE,FCB		;now close the file.
   986  05fa  cdda00            	CALL	CLOSE
   987  05fd  3c                	INC	A		;did it close ok?
   988  05fe  c20706            	JP	NZ,SAVE4
   989                          ;
   990                          ;   Print out error message (no space).
   991                          ;
   992  0601  010d06            SAVE3:	LD	BC,NOSPACE
   993  0604  cda700            	CALL	PLINE
   994  0607  cdd501            SAVE4:	CALL	STDDMA		;reset the standard dma address.
   995  060a  c38c07            	JP	GETBACK
   996  060d  4e6f207370616365  NOSPACE:DEFB	"No space",0
              00                
   997                          ;
   998                          ;**************************************************************
   999                          ;*
  1000                          ;*           R E N A M E   C O M M A N D
  1001                          ;*
  1002                          ;**************************************************************
  1003                          ;
  1004  0616  cd5e02            RENAME:	CALL	CONVFST		;convert first file name.
  1005  0619  c20902            	JP	NZ,SYNERR	;wild cards not allowed.
  1006  061c  3af607            	LD	A,(CHGDRV)	;remember any change in drives specified.
  1007  061f  f5                	PUSH	AF
  1008  0620  cd5a04            	CALL	DSELECT		;and select this drive.
  1009  0623  cde900            	CALL	SRCHFCB		;is this file present?
  1010  0626  c27f06            	JP	NZ,RENAME6	;yes, print error message.
  1011  0629  21d307            	LD	HL,FCB		;yes, move this name into second slot.
  1012  062c  11e307            	LD	DE,FCB+16
  1013  062f  0610              	LD	B,16
  1014  0631  cd4804            	CALL	HL2DE
  1015  0634  2a8800            	LD	HL,(INPOINT)	;get input pointer.
  1016  0637  eb                	EX	DE,HL
  1017  0638  cd4f02            	CALL	NONBLANK	;get next non blank character.
  1018  063b  fe3d              	CP	'='		;only allow an '=' or '_' seperator.
  1019  063d  ca4506            	JP	Z,RENAME1
  1020  0640  fe5f              	CP	'_'
  1021  0642  c27906            	JP	NZ,RENAME5
  1022  0645  eb                RENAME1:EX	DE,HL
  1023  0646  23                	INC	HL		;ok, skip seperator.
  1024  0647  228800            	LD	(INPOINT),HL	;save input line pointer.
  1025  064a  cd5e02            	CALL	CONVFST		;convert this second file name now.
  1026  064d  c27906            	JP	NZ,RENAME5	;again, no wild cards.
  1027  0650  f1                	POP	AF		;if a drive was specified, then it
  1028  0651  47                	LD	B,A		;must be the same as before.
  1029  0652  21f607            	LD	HL,CHGDRV
  1030  0655  7e                	LD	A,(HL)
  1031  0656  b7                	OR	A
  1032  0657  ca5f06            	JP	Z,RENAME2
  1033  065a  b8                	CP	B
  1034  065b  70                	LD	(HL),B
  1035  065c  c27906            	JP	NZ,RENAME5	;they were different, error.
  1036  065f  70                RENAME2:LD	(HL),B		;	reset as per the first file specification.
  1037  0660  af                	XOR	A
  1038  0661  32d307            	LD	(FCB),A		;clear the drive byte of the fcb.
  1039  0664  cde900            RENAME3:CALL	SRCHFCB		;and go look for second file.
  1040  0667  ca7306            	JP	Z,RENAME4	;doesn't exist?
  1041  066a  11d307            	LD	DE,FCB
  1042  066d  cd0e01            	CALL	RENAM		;ok, rename the file.
  1043  0670  c38c07            	JP	GETBACK
  1044                          ;
  1045                          ;   Process rename errors here.
  1046                          ;
  1047  0673  cdf003            RENAME4:CALL	NONE		;file not there.
  1048  0676  c38c07            	JP	GETBACK
  1049  0679  cd6c04            RENAME5:CALL	RESETDR		;bad command format.
  1050  067c  c30902            	JP	SYNERR
  1051  067f  018806            RENAME6:LD	BC,EXISTS	;destination file already exists.
  1052  0682  cda700            	CALL	PLINE
  1053  0685  c38c07            	JP	GETBACK
  1054  0688  46696c6520657869  EXISTS:	DEFB	"File exists",0
              73747300          
  1055                          ;
  1056                          ;**************************************************************
  1057                          ;*
  1058                          ;*             U S E R   C O M M A N D
  1059                          ;*
  1060                          ;**************************************************************
  1061                          ;
  1062  0694  cdfe03            USER:	CALL	DECODE		;get numeric value following command.
  1063  0697  fe10              	CP	16		;legal user number?
  1064  0699  d20902            	JP	NC,SYNERR
  1065  069c  5f                	LD	E,A		;yes but is there anything else?
  1066  069d  3ad407            	LD	A,(FCB+1)
  1067  06a0  fe20              	CP	' '
  1068  06a2  ca0902            	JP	Z,SYNERR	;yes, that is not allowed.
  1069  06a5  cd1501            	CALL	GETSETUC	;ok, set user code.
  1070  06a8  c38f07            	JP	GETBACK1
  1071                          ;
  1072                          ;**************************************************************
  1073                          ;*
  1074                          ;*        T R A N S I A N T   P R O G R A M   C O M M A N D
  1075                          ;*
  1076                          ;**************************************************************
  1077                          ;
  1078  06ab  cdf501            UNKNOWN:CALL	VERIFY		;check for valid system (why?).
  1079  06ae  3ad407            	LD	A,(FCB+1)	;anything to execute?
  1080  06b1  fe20              	CP	' '
  1081  06b3  c2ca06            	JP	NZ,UNKWN1
  1082  06b6  3af607            	LD	A,(CHGDRV)	;nope, only a drive change?
  1083  06b9  b7                	OR	A
  1084  06ba  ca8f07            	JP	Z,GETBACK1	;neither???
  1085  06bd  3d                	DEC	A
  1086  06be  32f507            	LD	(CDRIVE),A	;ok, store new drive.
  1087  06c1  cd2901            	CALL	MOVECD		;set (TDRIVE) also.
  1088  06c4  cdbd00            	CALL	DSKSEL		;and select this drive.
  1089  06c7  c38f07            	JP	GETBACK1	;then return.
  1090                          ;
  1091                          ;   Here a file name was typed. Prepare to execute it.
  1092                          ;
  1093  06ca  11dc07            UNKWN1:	LD	DE,FCB+9	;an extension specified?
  1094  06cd  1a                	LD	A,(DE)
  1095  06ce  fe20              	CP	' '
  1096  06d0  c20902            	JP	NZ,SYNERR	;yes, not allowed.
  1097  06d3  d5                UNKWN2:	PUSH	DE
  1098  06d4  cd5a04            	CALL	DSELECT		;select specified drive.
  1099  06d7  d1                	POP	DE
  1100  06d8  218907            	LD	HL,COMFILE	;set the extension to 'COM'.
  1101  06db  cd4604            	CALL	MOVE3
  1102  06de  cdd000            	CALL	OPENFCB		;and open this file.
  1103  06e1  ca7107            	JP	Z,UNKWN9	;not present?
  1104                          ;
  1105                          ;   Load in the program.
  1106                          ;
  1107  06e4  210001            	LD	HL,TBASE	;store the program starting here.
  1108  06e7  e5                UNKWN3:	PUSH	HL
  1109  06e8  eb                	EX	DE,HL
  1110  06e9  cdd801            	CALL	DMASET		;set transfer address.
  1111  06ec  11d307            	LD	DE,FCB		;and read the next record.
  1112  06ef  cdf900            	CALL	RDREC
  1113  06f2  c20707            	JP	NZ,UNKWN4	;end of file or read error?
  1114  06f5  e1                	POP	HL		;nope, bump pointer for next sector.
  1115  06f6  118000            	LD	DE,128
  1116  06f9  19                	ADD	HL,DE
  1117  06fa  110000            	LD	DE,CBASE	;enough room for the whole file?
  1118  06fd  7d                	LD	A,L
  1119  06fe  93                	SUB	E
  1120  06ff  7c                	LD	A,H
  1121  0700  9a                	SBC	A,D
  1122  0701  d27707            	JP	NC,UNKWN0	;no, it can't fit.
  1123  0704  c3e706            	JP	UNKWN3
  1124                          ;
  1125                          ;   Get here after finished reading.
  1126                          ;
  1127  0707  e1                UNKWN4:	POP	HL
  1128  0708  3d                	DEC	A		;normal end of file?
  1129  0709  c27707            	JP	NZ,UNKWN0
  1130  070c  cd6c04            	CALL	RESETDR		;yes, reset previous drive.
  1131  070f  cd5e02            	CALL	CONVFST		;convert the first file name that follows
  1132  0712  21f607            	LD	HL,CHGDRV	;command name.
  1133  0715  e5                	PUSH	HL
  1134  0716  7e                	LD	A,(HL)		;set drive code in default fcb.
  1135  0717  32d307            	LD	(FCB),A
  1136  071a  3e10              	LD	A,16		;put second name 16 bytes later.
  1137  071c  cd6002            	CALL	CONVERT		;convert second file name.
  1138  071f  e1                	POP	HL
  1139  0720  7e                	LD	A,(HL)		;and set the drive for this second file.
  1140  0721  32e307            	LD	(FCB+16),A
  1141  0724  af                	XOR	A		;clear record byte in fcb.
  1142  0725  32f307            	LD	(FCB+32),A
  1143  0728  115c00            	LD	DE,TFCB		;move it into place at(005Ch).
  1144  072b  21d307            	LD	HL,FCB
  1145  072e  0621              	LD	B,33
  1146  0730  cd4804            	CALL	HL2DE
  1147  0733  210800            	LD	HL,INBUFF+2	;now move the remainder of the input
  1148  0736  7e                UNKWN5:	LD	A,(HL)		;line down to (0080h). Look for a non blank.
  1149  0737  b7                	OR	A		;or a null.
  1150  0738  ca4407            	JP	Z,UNKWN6
  1151  073b  fe20              	CP	' '
  1152  073d  ca4407            	JP	Z,UNKWN6
  1153  0740  23                	INC	HL
  1154  0741  c33607            	JP	UNKWN5
  1155                          ;
  1156                          ;   Do the line move now. It ends in a null byte.
  1157                          ;
  1158  0744  0600              UNKWN6:	LD	B,0		;keep a character count.
  1159  0746  118100            	LD	DE,TBUFF+1	;data gets put here.
  1160  0749  7e                UNKWN7:	LD	A,(HL)		;move it now.
  1161  074a  12                	LD	(DE),A
  1162  074b  b7                	OR	A
  1163  074c  ca5507            	JP	Z,UNKWN8
  1164  074f  04                	INC	B
  1165  0750  23                	INC	HL
  1166  0751  13                	INC	DE
  1167  0752  c34907            	JP	UNKWN7
  1168  0755  78                UNKWN8:	LD	A,B		;now store the character count.
  1169  0756  328000            	LD	(TBUFF),A
  1170  0759  cd9800            	CALL	CRLF		;clean up the screen.
  1171  075c  cdd501            	CALL	STDDMA		;set standard transfer address.
  1172  075f  cd1a01            	CALL	SETCDRV		;reset current drive.
  1173  0762  cd0001            	CALL	TBASE		;and execute the program.
  1174                          ;
  1175                          ;   Transiant programs return here (or reboot).
  1176                          ;
  1177  0765  31b107            	LD	SP,BATCH	;set stack first off.
  1178  0768  cd2901            	CALL	MOVECD		;move current drive into place (TDRIVE).
  1179  076b  cdbd00            	CALL	DSKSEL		;and reselect it.
  1180  076e  c38803            	JP	CMMND1		;back to comand mode.
  1181                          ;
  1182                          ;   Get here if some error occured.
  1183                          ;
  1184  0771  cd6c04            UNKWN9:	CALL	RESETDR		;inproper format.
  1185  0774  c30902            	JP	SYNERR
  1186  0777  018007            UNKWN0:	LD	BC,BADLOAD	;read error or won't fit.
  1187  077a  cda700            	CALL	PLINE
  1188  077d  c38c07            	JP	GETBACK
  1189  0780  426164206c6f6164  BADLOAD:DEFB	"Bad load",0
              00                
  1190  0789  434f4d            COMFILE:DEFB	"COM"		;command file extension.
  1191                          ;
  1192                          ;   Get here to return to command level. We will reset the
  1193                          ; previous active drive and then either return to command
  1194                          ; level directly or print error message and then return.
  1195                          ;
  1196  078c  cd6c04            GETBACK:CALL	RESETDR		;reset previous drive.
  1197  078f  cd5e02            GETBACK1: CALL	CONVFST		;convert first name in (FCB).
  1198  0792  3ad407            	LD	A,(FCB+1)	;if this was just a drive change request,
  1199  0795  d620              	SUB	' '		;make sure it was valid.
  1200  0797  21f607            	LD	HL,CHGDRV
  1201  079a  b6                	OR	(HL)
  1202  079b  c20902            	JP	NZ,SYNERR
  1203  079e  c38803            	JP	CMMND1		;ok, return to command level.
  1204                          ;
  1205                          ;   ccp stack area.
  1206                          ;
  1207  07a1  0000000000000000  	DEFB	0,0,0,0,0,0,0,0,0,0,0,0,0,0,0,0
              0000000000000000  
  1208                          CCPSTACK EQU	$	;end of ccp stack area.
  1209                          ;
  1210                          ;   Batch (or SUBMIT) processing information storage.
  1211                          ;
  1212  07b1  00                BATCH:	DEFB	0		;batch mode flag (0=not active).
  1213  07b2  0024242420202020  BATCHFCB: DEFB	0,"$$$     SUB",0,0,0,0,0,0,0,0,0,0,0,0,0,0,0,0,0,0,0,0,0
              2053554200000000  
              0000000000000000  
              0000000000000000  
              00                
  1214                          ;
  1215                          ;   File control block setup by the CCP.
  1216                          ;
  1217  07d3  0020202020202020  FCB:	DEFB	0,"           ",0,0,0,0,0,"           ",0,0,0,0,0
              2020202000000000  
              0020202020202020  
              2020202000000000  
              00                
  1218  07f4  00                RTNCODE:DEFB	0		;status returned from bdos call.
  1219  07f5  00                CDRIVE:	DEFB	0		;currently active drive.
  1220  07f6  00                CHGDRV:	DEFB	0		;change in drives flag (0=no change).
  1221  07f7  0000              NBYTES:	DEFW	0		;byte counter used by TYPE.
  1222                          ;
  1223                          ;   Room for expansion?
  1224                          ;
  1225  07f9  0000000000000000  	DEFB	0,0,0,0,0,0,0,0,0,0,0,0,0
              0000000000        
  1226                          ;
  1227                          ;   Note that the following six bytes must match those at
  1228                          ; (PATTRN1) or cp/m will HALT. Why?
  1229                          ;
  1230  0806  001600000000      PATTRN2:DEFB	0,22,0,0,0,0	;(* serial number bytes *).
  1231                          ;
  1232                          ;**************************************************************
  1233                          ;*
  1234                          ;*                    B D O S   E N T R Y
  1235                          ;*
  1236                          ;**************************************************************
  1237                          ;
  1238  080c  c31708            FBASE:	JP	FBASE1
  1239                          ;
  1240                          ;   Bdos error table.
  1241                          ;
  1242  080f  9f08              BADSCTR:DEFW	ERROR1		;bad sector on read or write.
  1243  0811  ab08              BADSLCT:DEFW	ERROR2		;bad disk select.
  1244  0813  b108              RODISK:	DEFW	ERROR3		;disk is read only.
  1245  0815  b708              ROFILE:	DEFW	ERROR4		;file is read only.
  1246                          ;
  1247                          ;   Entry into bdos. (DE) or (E) are the parameters passed. The
  1248                          ; function number desired is in register (C).
  1249                          ;
  1250  0817  eb                FBASE1:	EX	DE,HL		;save the (DE) parameters.
  1251  0818  22490b            	LD	(PARAMS),HL
  1252  081b  eb                	EX	DE,HL
  1253  081c  7b                	LD	A,E		;and save register (E) in particular.
  1254  081d  32dc15            	LD	(EPARAM),A
  1255  0820  210000            	LD	HL,0
  1256  0823  224b0b            	LD	(STATUS),HL	;clear return status.
  1257  0826  39                	ADD	HL,SP
  1258  0827  22150b            	LD	(USRSTACK),HL	;save users stack pointer.
  1259  082a  31470b            	LD	SP,STKAREA	;and set our own.
  1260  082d  af                	XOR	A		;clear auto select storage space.
  1261  082e  32e615            	LD	(AUTOFLAG),A
  1262  0831  32e415            	LD	(AUTO),A
  1263  0834  217a15            	LD	HL,GOBACK	;set return address.
  1264  0837  e5                	PUSH	HL
  1265  0838  79                	LD	A,C		;get function number.
  1266  0839  fe29              	CP	NFUNCTS		;valid function number?
  1267  083b  d0                	RET	NC
  1268  083c  4b                	LD	C,E		;keep single register function here.
  1269  083d  214d08            	LD	HL,FUNCTNS	;now look thru the function table.
  1270  0840  5f                	LD	E,A
  1271  0841  1600              	LD	D,0		;(DE)=function number.
  1272  0843  19                	ADD	HL,DE
  1273  0844  19                	ADD	HL,DE		;(HL)=(start of table)+2*(function number).
  1274  0845  5e                	LD	E,(HL)
  1275  0846  23                	INC	HL
  1276  0847  56                	LD	D,(HL)		;now (DE)=address for this function.
  1277  0848  2a490b            	LD	HL,(PARAMS)	;retrieve parameters.
  1278  084b  eb                	EX	DE,HL		;now (DE) has the original parameters.
  1279  084c  e9                	JP	(HL)		;execute desired function.
  1280                          ;
  1281                          ;   BDOS function jump table.
  1282                          ;
  1283                          NFUNCTS EQU	41		;number of functions in followin table.
  1284                          ;
  1285  084d  03ebce0a9609d40a  FUNCTNS:DEFW	WBOOT,GETCON,OUTCON,GETRDR,PUNCH,LIST,DIRCIO,GETIOB
              12eb0febda0af30a  
  1286  085d  f90afe0ae709040b  	DEFW	SETIOB,PRTSTR,RDBUFF,GETCSTS,GETVER,RSTDSK,SETDSK,OPENFIL
              841489144b14a214  
  1287  086d  ab14b114ce14dd14  	DEFW	CLOSEFIL,GETFST,GETNXT,DELFILE,READSEQ,WRTSEQ,FCREATE
              e614ec14f214      
  1288  087b  fb1404150a151015  	DEFW	RENFILE,GETLOG,GETCRNT,PUTDMA,GETALOC,WRTPRTD,GETROV,SETATTR
              1715320d1d152315  
  1289  088b  2c15331547154d15  	DEFW	GETPARM,GETUSER,RDRANDOM,WTRANDOM,FILESIZE,SETRAN,LOGOFF,RTN
              5315141459150a0b  
  1290  089b  0a0ba115          	DEFW	RTN,WTSPECL
  1291                          ;
  1292                          ;   Bdos error message section.
  1293                          ;
  1294  089f  21d008            ERROR1:	LD	HL,BADSEC	;bad sector message.
  1295  08a2  cdeb08            	CALL	PRTERR		;print it and get a 1 char responce.
  1296  08a5  fe03              	CP	CNTRLC		;re-boot request (control-c)?
  1297  08a7  ca0000            	JP	Z,0		;yes.
  1298  08aa  c9                	RET			;no, return to retry i/o function.
  1299                          ;
  1300  08ab  21db08            ERROR2:	LD	HL,BADSEL	;bad drive selected.
  1301  08ae  c3ba08            	JP	ERROR5
  1302                          ;
  1303  08b1  21e708            ERROR3:	LD	HL,DISKRO	;disk is read only.
  1304  08b4  c3ba08            	JP	ERROR5
  1305                          ;
  1306  08b7  21e208            ERROR4:	LD	HL,FILERO	;file is read only.
  1307                          ;
  1308  08ba  cdeb08            ERROR5:	CALL	PRTERR
  1309  08bd  c30000            	JP	0		;always reboot on these errors.
  1310                          ;
  1311  08c0  42646f7320457272  BDOSERR:DEFB	"Bdos Err On "
              204f6e20          
  1312  08cc  203a2024          BDOSDRV:DEFB	" : $"
  1313  08d0  4261642053656374  BADSEC:	DEFB	"Bad Sector$"
              6f7224            
  1314  08db  53656c65637424    BADSEL:	DEFB	"Select$"
  1315  08e2  46696c6520        FILERO:	DEFB	"File "
  1316  08e7  522f4f24          DISKRO:	DEFB	"R/O$"
  1317                          ;
  1318                          ;   Print bdos error message.
  1319                          ;
  1320  08eb  e5                PRTERR:	PUSH	HL		;save second message pointer.
  1321  08ec  cdcf09            	CALL	OUTCRLF		;send (cr)(lf).
  1322  08ef  3a480b            	LD	A,(ACTIVE)	;get active drive.
  1323  08f2  c641              	ADD	A,'A'		;make ascii.
  1324  08f4  32cc08            	LD	(BDOSDRV),A	;and put in message.
  1325  08f7  01c008            	LD	BC,BDOSERR	;and print it.
  1326  08fa  cdd909            	CALL	PRTMESG
  1327  08fd  c1                	POP	BC		;print second message line now.
  1328  08fe  cdd909            	CALL	PRTMESG
  1329                          ;
  1330                          ;   Get an input character. We will check our 1 character
  1331                          ; buffer first. This may be set by the console status routine.
  1332                          ;
  1333  0901  21140b            GETCHAR:LD	HL,CHARBUF	;check character buffer.
  1334  0904  7e                	LD	A,(HL)		;anything present already?
  1335  0905  3600              	LD	(HL),0		;...either case clear it.
  1336  0907  b7                	OR	A
  1337  0908  c0                	RET	NZ		;yes, use it.
  1338  0909  c309eb            	JP	CONIN		;nope, go get a character responce.
  1339                          ;
  1340                          ;   Input and echo a character.
  1341                          ;
  1342  090c  cd0109            GETECHO:CALL	GETCHAR		;input a character.
  1343  090f  cd1a09            	CALL	CHKCHAR		;carriage control?
  1344  0912  d8                	RET	C		;no, a regular control char so don't echo.
  1345  0913  f5                	PUSH	AF		;ok, save character now.
  1346  0914  4f                	LD	C,A
  1347  0915  cd9609            	CALL	OUTCON		;and echo it.
  1348  0918  f1                	POP	AF		;get character and return.
  1349  0919  c9                	RET
  1350                          ;
  1351                          ;   Check character in (A). Set the zero flag on a carriage
  1352                          ; control character and the carry flag on any other control
  1353                          ; character.
  1354                          ;
  1355  091a  fe0d              CHKCHAR:CP	CR		;check for carriage return, line feed, backspace,
  1356  091c  c8                	RET	Z		;or a tab.
  1357  091d  fe0a              	CP	LF
  1358  091f  c8                	RET	Z
  1359  0920  fe09              	CP	TAB
  1360  0922  c8                	RET	Z
  1361  0923  fe08              	CP	BS
  1362  0925  c8                	RET	Z
  1363  0926  fe20              	CP	' '		;other control char? Set carry flag.
  1364  0928  c9                	RET
  1365                          ;
  1366                          ;   Check the console during output. Halt on a control-s, then
  1367                          ; reboot on a control-c. If anything else is ready, clear the
  1368                          ; zero flag and return (the calling routine may want to do
  1369                          ; something).
  1370                          ;
  1371  0929  3a140b            CKCONSOL: LD	A,(CHARBUF)	;check buffer.
  1372  092c  b7                	OR	A		;if anything, just return without checking.
  1373  092d  c24b09            	JP	NZ,CKCON2
  1374  0930  cd06eb            	CALL	CONST		;nothing in buffer. Check console.
  1375  0933  e601              	AND	01H		;look at bit 0.
  1376  0935  c8                	RET	Z		;return if nothing.
  1377  0936  cd09eb            	CALL	CONIN		;ok, get it.
  1378  0939  fe13              	CP	CNTRLS		;if not control-s, return with zero cleared.
  1379  093b  c24809            	JP	NZ,CKCON1
  1380  093e  cd09eb            	CALL	CONIN		;halt processing until another char
  1381  0941  fe03              	CP	CNTRLC		;is typed. Control-c?
  1382  0943  ca0000            	JP	Z,0		;yes, reboot now.
  1383  0946  af                	XOR	A		;no, just pretend nothing was ever ready.
  1384  0947  c9                	RET
  1385  0948  32140b            CKCON1:	LD	(CHARBUF),A	;save character in buffer for later processing.
  1386  094b  3e01              CKCON2:	LD	A,1		;set (A) to non zero to mean something is ready.
  1387  094d  c9                	RET
  1388                          ;
  1389                          ;   Output (C) to the screen. If the printer flip-flop flag
  1390                          ; is set, we will send character to printer also. The console
  1391                          ; will be checked in the process.
  1392                          ;
  1393  094e  3a100b            OUTCHAR:LD	A,(OUTFLAG)	;check output flag.
  1394  0951  b7                	OR	A		;anything and we won't generate output.
  1395  0952  c26809            	JP	NZ,OUTCHR1
  1396  0955  c5                	PUSH	BC
  1397  0956  cd2909            	CALL	CKCONSOL	;check console (we don't care whats there).
  1398  0959  c1                	POP	BC
  1399  095a  c5                	PUSH	BC
  1400  095b  cd0ceb            	CALL	CONOUT		;output (C) to the screen.
  1401  095e  c1                	POP	BC
  1402  095f  c5                	PUSH	BC
  1403  0960  3a130b            	LD	A,(PRTFLAG)	;check printer flip-flop flag.
  1404  0963  b7                	OR	A
  1405  0964  c40feb            	CALL	NZ,LIST		;print it also if non-zero.
  1406  0967  c1                	POP	BC
  1407  0968  79                OUTCHR1:LD	A,C		;update cursors position.
  1408  0969  21120b            	LD	HL,CURPOS
  1409  096c  fe7f              	CP	DEL		;rubouts don't do anything here.
  1410  096e  c8                	RET	Z
  1411  096f  34                	INC	(HL)		;bump line pointer.
  1412  0970  fe20              	CP	' '		;and return if a normal character.
  1413  0972  d0                	RET	NC
  1414  0973  35                	DEC	(HL)		;restore and check for the start of the line.
  1415  0974  7e                	LD	A,(HL)
  1416  0975  b7                	OR	A
  1417  0976  c8                	RET	Z		;ingnore control characters at the start of the line.
  1418  0977  79                	LD	A,C
  1419  0978  fe08              	CP	BS		;is it a backspace?
  1420  097a  c27f09            	JP	NZ,OUTCHR2
  1421  097d  35                	DEC	(HL)		;yes, backup pointer.
  1422  097e  c9                	RET
  1423  097f  fe0a              OUTCHR2:CP	LF		;is it a line feed?
  1424  0981  c0                	RET	NZ		;ignore anything else.
  1425  0982  3600              	LD	(HL),0		;reset pointer to start of line.
  1426  0984  c9                	RET
  1427                          ;
  1428                          ;   Output (A) to the screen. If it is a control character
  1429                          ; (other than carriage control), use ^x format.
  1430                          ;
  1431  0985  79                SHOWIT:	LD	A,C
  1432  0986  cd1a09            	CALL	CHKCHAR		;check character.
  1433  0989  d29609            	JP	NC,OUTCON	;not a control, use normal output.
  1434  098c  f5                	PUSH	AF
  1435  098d  0e5e              	LD	C,'^'		;for a control character, preceed it with '^'.
  1436  098f  cd4e09            	CALL	OUTCHAR
  1437  0992  f1                	POP	AF
  1438  0993  f640              	OR	'@'		;and then use the letter equivelant.
  1439  0995  4f                	LD	C,A
  1440                          ;
  1441                          ;   Function to output (C) to the console device and expand tabs
  1442                          ; if necessary.
  1443                          ;
  1444  0996  79                OUTCON:	LD	A,C
  1445  0997  fe09              	CP	TAB		;is it a tab?
  1446  0999  c24e09            	JP	NZ,OUTCHAR	;use regular output.
  1447  099c  0e20              OUTCON1:LD	C,' '		;yes it is, use spaces instead.
  1448  099e  cd4e09            	CALL	OUTCHAR
  1449  09a1  3a120b            	LD	A,(CURPOS)	;go until the cursor is at a multiple of 8
  1450                          
  1451  09a4  e607              	AND	07H		;position.
  1452  09a6  c29c09            	JP	NZ,OUTCON1
  1453  09a9  c9                	RET
  1454                          ;
  1455                          ;   Echo a backspace character. Erase the prevoius character
  1456                          ; on the screen.
  1457                          ;
  1458  09aa  cdb209            BACKUP:	CALL	BACKUP1		;backup the screen 1 place.
  1459  09ad  0e20              	LD	C,' '		;then blank that character.
  1460  09af  cd0ceb            	CALL	CONOUT
  1461  09b2  0e08              BACKUP1:LD	C,BS		;then back space once more.
  1462  09b4  c30ceb            	JP	CONOUT
  1463                          ;
  1464                          ;   Signal a deleted line. Print a '#' at the end and start
  1465                          ; over.
  1466                          ;
  1467  09b7  0e23              NEWLINE:LD	C,'#'
  1468  09b9  cd4e09            	CALL	OUTCHAR		;print this.
  1469  09bc  cdcf09            	CALL	OUTCRLF		;start new line.
  1470  09bf  3a120b            NEWLN1:	LD	A,(CURPOS)	;move the cursor to the starting position.
  1471  09c2  21110b            	LD	HL,STARTING
  1472  09c5  be                	CP	(HL)
  1473  09c6  d0                	RET	NC		;there yet?
  1474  09c7  0e20              	LD	C,' '
  1475  09c9  cd4e09            	CALL	OUTCHAR		;nope, keep going.
  1476  09cc  c3bf09            	JP	NEWLN1
  1477                          ;
  1478                          ;   Output a (cr) (lf) to the console device (screen).
  1479                          ;
  1480  09cf  0e0d              OUTCRLF:LD	C,CR
  1481  09d1  cd4e09            	CALL	OUTCHAR
  1482  09d4  0e0a              	LD	C,LF
  1483  09d6  c34e09            	JP	OUTCHAR
  1484                          ;
  1485                          ;   Print message pointed to by (BC). It will end with a '$'.
  1486                          ;
  1487  09d9  0a                PRTMESG:LD	A,(BC)		;check for terminating character.
  1488  09da  fe24              	CP	'$'
  1489  09dc  c8                	RET	Z
  1490  09dd  03                	INC	BC
  1491  09de  c5                	PUSH	BC		;otherwise, bump pointer and print it.
  1492  09df  4f                	LD	C,A
  1493  09e0  cd9609            	CALL	OUTCON
  1494  09e3  c1                	POP	BC
  1495  09e4  c3d909            	JP	PRTMESG
  1496                          ;
  1497                          ;   Function to execute a buffered read.
  1498                          ;
  1499  09e7  3a120b            RDBUFF:	LD	A,(CURPOS)	;use present location as starting one.
  1500  09ea  32110b            	LD	(STARTING),A
  1501  09ed  2a490b            	LD	HL,(PARAMS)	;get the maximum buffer space.
  1502  09f0  4e                	LD	C,(HL)
  1503  09f1  23                	INC	HL		;point to first available space.
  1504  09f2  e5                	PUSH	HL		;and save.
  1505  09f3  0600              	LD	B,0		;keep a character count.
  1506  09f5  c5                RDBUF1:	PUSH	BC
  1507  09f6  e5                	PUSH	HL
  1508  09f7  cd0109            RDBUF2:	CALL	GETCHAR		;get the next input character.
  1509  09fa  e67f              	AND	7FH		;strip bit 7.
  1510  09fc  e1                	POP	HL		;reset registers.
  1511  09fd  c1                	POP	BC
  1512  09fe  fe0d              	CP	CR		;en of the line?
  1513  0a00  cac70a            	JP	Z,RDBUF17
  1514  0a03  fe0a              	CP	LF
  1515  0a05  cac70a            	JP	Z,RDBUF17
  1516  0a08  fe08              	CP	BS		;how about a backspace?
  1517  0a0a  c21c0a            	JP	NZ,RDBUF3
  1518  0a0d  78                	LD	A,B		;yes, but ignore at the beginning of the line.
  1519  0a0e  b7                	OR	A
  1520  0a0f  caf509            	JP	Z,RDBUF1
  1521  0a12  05                	DEC	B		;ok, update counter.
  1522  0a13  3a120b            	LD	A,(CURPOS)	;if we backspace to the start of the line,
  1523  0a16  32100b            	LD	(OUTFLAG),A	;treat as a cancel (control-x).
  1524  0a19  c3760a            	JP	RDBUF10
  1525  0a1c  fe7f              RDBUF3:	CP	DEL		;user typed a rubout?
  1526  0a1e  c22c0a            	JP	NZ,RDBUF4
  1527  0a21  78                	LD	A,B		;ignore at the start of the line.
  1528  0a22  b7                	OR	A
  1529  0a23  caf509            	JP	Z,RDBUF1
  1530  0a26  7e                	LD	A,(HL)		;ok, echo the prevoius character.
  1531  0a27  05                	DEC	B		;and reset pointers (counters).
  1532  0a28  2b                	DEC	HL
  1533  0a29  c3af0a            	JP	RDBUF15
  1534  0a2c  fe05              RDBUF4:	CP	CNTRLE		;physical end of line?
  1535  0a2e  c23d0a            	JP	NZ,RDBUF5
  1536  0a31  c5                	PUSH	BC		;yes, do it.
  1537  0a32  e5                	PUSH	HL
  1538  0a33  cdcf09            	CALL	OUTCRLF
  1539  0a36  af                	XOR	A		;and update starting position.
  1540  0a37  32110b            	LD	(STARTING),A
  1541  0a3a  c3f709            	JP	RDBUF2
  1542  0a3d  fe10              RDBUF5:	CP	CNTRLP		;control-p?
  1543  0a3f  c24e0a            	JP	NZ,RDBUF6
  1544  0a42  e5                	PUSH	HL		;yes, flip the print flag filp-flop byte.
  1545  0a43  21130b            	LD	HL,PRTFLAG
  1546  0a46  3e01              	LD	A,1		;PRTFLAG=1-PRTFLAG
  1547  0a48  96                	SUB	(HL)
  1548  0a49  77                	LD	(HL),A
  1549  0a4a  e1                	POP	HL
  1550  0a4b  c3f509            	JP	RDBUF1
  1551  0a4e  fe18              RDBUF6:	CP	CNTRLX		;control-x (cancel)?
  1552  0a50  c2650a            	JP	NZ,RDBUF8
  1553  0a53  e1                	POP	HL
  1554  0a54  3a110b            RDBUF7:	LD	A,(STARTING)	;yes, backup the cursor to here.
  1555  0a57  21120b            	LD	HL,CURPOS
  1556  0a5a  be                	CP	(HL)
  1557  0a5b  d2e709            	JP	NC,RDBUFF	;done yet?
  1558  0a5e  35                	DEC	(HL)		;no, decrement pointer and output back up one space.
  1559  0a5f  cdaa09            	CALL	BACKUP
  1560  0a62  c3540a            	JP	RDBUF7
  1561  0a65  fe15              RDBUF8:	CP	CNTRLU		;cntrol-u (cancel line)?
  1562  0a67  c2710a            	JP	NZ,RDBUF9
  1563  0a6a  cdb709            	CALL	NEWLINE		;start a new line.
  1564  0a6d  e1                	POP	HL
  1565  0a6e  c3e709            	JP	RDBUFF
  1566  0a71  fe12              RDBUF9:	CP	CNTRLR		;control-r?
  1567  0a73  c2ac0a            	JP	NZ,RDBUF14
  1568  0a76  c5                RDBUF10:PUSH	BC		;yes, start a new line and retype the old one.
  1569  0a77  cdb709            	CALL	NEWLINE
  1570  0a7a  c1                	POP	BC
  1571  0a7b  e1                	POP	HL
  1572  0a7c  e5                	PUSH	HL
  1573  0a7d  c5                	PUSH	BC
  1574  0a7e  78                RDBUF11:LD	A,B		;done whole line yet?
  1575  0a7f  b7                	OR	A
  1576  0a80  ca900a            	JP	Z,RDBUF12
  1577  0a83  23                	INC	HL		;nope, get next character.
  1578  0a84  4e                	LD	C,(HL)
  1579  0a85  05                	DEC	B		;count it.
  1580  0a86  c5                	PUSH	BC
  1581  0a87  e5                	PUSH	HL
  1582  0a88  cd8509            	CALL	SHOWIT		;and display it.
  1583  0a8b  e1                	POP	HL
  1584  0a8c  c1                	POP	BC
  1585  0a8d  c37e0a            	JP	RDBUF11
  1586  0a90  e5                RDBUF12:PUSH	HL		;done with line. If we were displaying
  1587  0a91  3a100b            	LD	A,(OUTFLAG)	;then update cursor position.
  1588  0a94  b7                	OR	A
  1589  0a95  caf709            	JP	Z,RDBUF2
  1590  0a98  21120b            	LD	HL,CURPOS	;because this line is shorter, we must
  1591  0a9b  96                	SUB	(HL)		;back up the cursor (not the screen however)
  1592  0a9c  32100b            	LD	(OUTFLAG),A	;some number of positions.
  1593  0a9f  cdaa09            RDBUF13:CALL	BACKUP		;note that as long as (OUTFLAG) is non
  1594  0aa2  21100b            	LD	HL,OUTFLAG	;zero, the screen will not be changed.
  1595  0aa5  35                	DEC	(HL)
  1596  0aa6  c29f0a            	JP	NZ,RDBUF13
  1597  0aa9  c3f709            	JP	RDBUF2		;now just get the next character.
  1598                          ;
  1599                          ;   Just a normal character, put this in our buffer and echo.
  1600                          ;
  1601  0aac  23                RDBUF14:INC	HL
  1602  0aad  77                	LD	(HL),A		;store character.
  1603  0aae  04                	INC	B		;and count it.
  1604  0aaf  c5                RDBUF15:PUSH	BC
  1605  0ab0  e5                	PUSH	HL
  1606  0ab1  4f                	LD	C,A		;echo it now.
  1607  0ab2  cd8509            	CALL	SHOWIT
  1608  0ab5  e1                	POP	HL
  1609  0ab6  c1                	POP	BC
  1610  0ab7  7e                	LD	A,(HL)		;was it an abort request?
  1611  0ab8  fe03              	CP	CNTRLC		;control-c abort?
  1612  0aba  78                	LD	A,B
  1613  0abb  c2c30a            	JP	NZ,RDBUF16
  1614  0abe  fe01              	CP	1		;only if at start of line.
  1615  0ac0  ca0000            	JP	Z,0
  1616  0ac3  b9                RDBUF16:CP	C		;nope, have we filled the buffer?
  1617  0ac4  daf509            	JP	C,RDBUF1
  1618  0ac7  e1                RDBUF17:POP	HL		;yes end the line and return.
  1619  0ac8  70                	LD	(HL),B
  1620  0ac9  0e0d              	LD	C,CR
  1621  0acb  c34e09            	JP	OUTCHAR		;output (cr) and return.
  1622                          ;
  1623                          ;   Function to get a character from the console device.
  1624                          ;
  1625  0ace  cd0c09            GETCON:	CALL	GETECHO		;get and echo.
  1626  0ad1  c3070b            	JP	SETSTAT		;save status and return.
  1627                          ;
  1628                          ;   Function to get a character from the tape reader device.
  1629                          ;
  1630  0ad4  cd15eb            GETRDR:	CALL	READER		;get a character from reader, set status and return.
  1631  0ad7  c3070b            	JP	SETSTAT
  1632                          ;
  1633                          ;  Function to perform direct console i/o. If (C) contains (FF)
  1634                          ; then this is an input request. If (C) contains (FE) then
  1635                          ; this is a status request. Otherwise we are to output (C).
  1636                          ;
  1637  0ada  79                DIRCIO:	LD	A,C		;test for (FF).
  1638  0adb  3c                	INC	A
  1639  0adc  cae60a            	JP	Z,DIRC1
  1640  0adf  3c                	INC	A		;test for (FE).
  1641  0ae0  ca06eb            	JP	Z,CONST
  1642  0ae3  c30ceb            	JP	CONOUT		;just output (C).
  1643  0ae6  cd06eb            DIRC1:	CALL	CONST		;this is an input request.
  1644  0ae9  b7                	OR	A
  1645  0aea  ca9715            	JP	Z,GOBACK1	;not ready? Just return (directly).
  1646  0aed  cd09eb            	CALL	CONIN		;yes, get character.
  1647  0af0  c3070b            	JP	SETSTAT		;set status and return.
  1648                          ;
  1649                          ;   Function to return the i/o byte.
  1650                          ;
  1651  0af3  3a0300            GETIOB:	LD	A,(IOBYTE)
  1652  0af6  c3070b            	JP	SETSTAT
  1653                          ;
  1654                          ;   Function to set the i/o byte.
  1655                          ;
  1656  0af9  210300            SETIOB:	LD	HL,IOBYTE
  1657  0afc  71                	LD	(HL),C
  1658  0afd  c9                	RET
  1659                          ;
  1660                          ;   Function to print the character string pointed to by (DE)
  1661                          ; on the console device. The string ends with a '$'.
  1662                          ;
  1663  0afe  eb                PRTSTR:	EX	DE,HL
  1664  0aff  4d                	LD	C,L
  1665  0b00  44                	LD	B,H		;now (BC) points to it.
  1666  0b01  c3d909            	JP	PRTMESG
  1667                          ;
  1668                          ;   Function to interigate the console device.
  1669                          ;
  1670  0b04  cd2909            GETCSTS:CALL	CKCONSOL
  1671                          ;
  1672                          ;   Get here to set the status and return to the cleanup
  1673                          ; section. Then back to the user.
  1674                          ;
  1675  0b07  324b0b            SETSTAT:LD	(STATUS),A
  1676  0b0a  c9                RTN:	RET
  1677                          ;
  1678                          ;   Set the status to 1 (read or write error code).
  1679                          ;
  1680  0b0b  3e01              IOERR1:	LD	A,1
  1681  0b0d  c3070b            	JP	SETSTAT
  1682                          ;
  1683  0b10  00                OUTFLAG:DEFB	0		;output flag (non zero means no output).
  1684  0b11  02                STARTING: DEFB	2		;starting position for cursor.
  1685  0b12  00                CURPOS:	DEFB	0		;cursor position (0=start of line).
  1686  0b13  00                PRTFLAG:DEFB	0		;printer flag (control-p toggle). List if non zero.
  1687  0b14  00                CHARBUF:DEFB	0		;single input character buffer.
  1688                          ;
  1689                          ;   Stack area for BDOS calls.
  1690                          ;
  1691  0b15  0000              USRSTACK: DEFW	0		;save users stack pointer here.
  1692                          ;
  1693  0b17  0000000000000000  	DEFB	0,0,0,0,0,0,0,0,0,0,0,0,0,0,0,0,0,0,0,0,0,0,0,0
              0000000000000000  
              0000000000000000  
  1694  0b2f  0000000000000000  	DEFB	0,0,0,0,0,0,0,0,0,0,0,0,0,0,0,0,0,0,0,0,0,0,0,0
              0000000000000000  
              0000000000000000  
  1695                          STKAREA EQU	$		;end of stack area.
  1696                          ;
  1697  0b47  00                USERNO:	DEFB	0		;current user number.
  1698  0b48  00                ACTIVE:	DEFB	0		;currently active drive.
  1699  0b49  0000              PARAMS:	DEFW	0		;save (DE) parameters here on entry.
  1700  0b4b  0000              STATUS:	DEFW	0		;status returned from bdos function.
  1701                          ;
  1702                          ;   Select error occured, jump to error routine.
  1703                          ;
  1704  0b4d  211108            SLCTERR:LD	HL,BADSLCT
  1705                          ;
  1706                          ;   Jump to (HL) indirectly.
  1707                          ;
  1708  0b50  5e                JUMPHL:	LD	E,(HL)
  1709  0b51  23                	INC	HL
  1710  0b52  56                	LD	D,(HL)		;now (DE) contain the desired address.
  1711  0b53  eb                	EX	DE,HL
  1712  0b54  e9                	JP	(HL)
  1713                          ;
  1714                          ;   Block move. (DE) to (HL), (C) bytes total.
  1715                          ;
  1716  0b55  0c                DE2HL:	INC	C		;is count down to zero?
  1717  0b56  0d                DE2HL1:	DEC	C
  1718  0b57  c8                	RET	Z		;yes, we are done.
  1719  0b58  1a                	LD	A,(DE)		;no, move one more byte.
  1720  0b59  77                	LD	(HL),A
  1721  0b5a  13                	INC	DE
  1722  0b5b  23                	INC	HL
  1723  0b5c  c3560b            	JP	DE2HL1		;and repeat.
  1724                          ;
  1725                          ;   Select the desired drive.
  1726                          ;
  1727  0b5f  3a480b            SELECT:	LD	A,(ACTIVE)	;get active disk.
  1728  0b62  4f                	LD	C,A
  1729  0b63  cd1beb            	CALL	SELDSK		;select it.
  1730  0b66  7c                	LD	A,H		;valid drive?
  1731  0b67  b5                	OR	L		;valid drive?
  1732  0b68  c8                	RET	Z		;return if not.
  1733                          ;
  1734                          ;   Here, the BIOS returned the address of the parameter block
  1735                          ; in (HL). We will extract the necessary pointers and save them.
  1736                          ;
  1737  0b69  5e                	LD	E,(HL)		;yes, get address of translation table into (DE).
  1738  0b6a  23                	INC	HL
  1739  0b6b  56                	LD	D,(HL)
  1740  0b6c  23                	INC	HL
  1741  0b6d  22b915            	LD	(SCRATCH1),HL	;save pointers to scratch areas.
  1742  0b70  23                	INC	HL
  1743  0b71  23                	INC	HL
  1744  0b72  22bb15            	LD	(SCRATCH2),HL	;ditto.
  1745  0b75  23                	INC	HL
  1746  0b76  23                	INC	HL
  1747  0b77  22bd15            	LD	(SCRATCH3),HL	;ditto.
  1748  0b7a  23                	INC	HL
  1749  0b7b  23                	INC	HL
  1750  0b7c  eb                	EX	DE,HL		;now save the translation table address.
  1751  0b7d  22d615            	LD	(XLATE),HL
  1752  0b80  21bf15            	LD	HL,DIRBUF	;put the next 8 bytes here.
  1753  0b83  0e08              	LD	C,8		;they consist of the directory buffer
  1754  0b85  cd550b            	CALL	DE2HL		;pointer, parameter block pointer,
  1755  0b88  2ac115            	LD	HL,(DISKPB)	;check and allocation vectors.
  1756  0b8b  eb                	EX	DE,HL
  1757  0b8c  21c715            	LD	HL,SECTORS	;move parameter block into our ram.
  1758  0b8f  0e0f              	LD	C,15		;it is 15 bytes long.
  1759  0b91  cd550b            	CALL	DE2HL
  1760  0b94  2acc15            	LD	HL,(DSKSIZE)	;check disk size.
  1761  0b97  7c                	LD	A,H		;more than 256 blocks on this?
  1762  0b98  21e315            	LD	HL,BIGDISK
  1763  0b9b  36ff              	LD	(HL),0FFH	;set to samll.
  1764  0b9d  b7                	OR	A
  1765  0b9e  caa30b            	JP	Z,SELECT1
  1766  0ba1  3600              	LD	(HL),0		;wrong, set to large.
  1767  0ba3  3eff              SELECT1:LD	A,0FFH		;clear the zero flag.
  1768  0ba5  b7                	OR	A
  1769  0ba6  c9                	RET
  1770                          ;
  1771                          ;   Routine to home the disk track head and clear pointers.
  1772                          ;
  1773  0ba7  cd18eb            HOMEDRV:CALL	HOME		;home the head.
  1774  0baa  af                	XOR	A
  1775  0bab  2abb15            	LD	HL,(SCRATCH2)	;set our track pointer also.
  1776  0bae  77                	LD	(HL),A
  1777  0baf  23                	INC	HL
  1778  0bb0  77                	LD	(HL),A
  1779  0bb1  2abd15            	LD	HL,(SCRATCH3)	;and our sector pointer.
  1780  0bb4  77                	LD	(HL),A
  1781  0bb5  23                	INC	HL
  1782  0bb6  77                	LD	(HL),A
  1783  0bb7  c9                	RET
  1784                          ;
  1785                          ;   Do the actual disk read and check the error return status.
  1786                          ;
  1787  0bb8  cd27eb            DOREAD:	CALL	READ
  1788  0bbb  c3c10b            	JP	IORET
  1789                          ;
  1790                          ;   Do the actual disk write and handle any bios error.
  1791                          ;
  1792  0bbe  cd2aeb            DOWRITE:CALL	WRITE
  1793  0bc1  b7                IORET:	OR	A
  1794  0bc2  c8                	RET	Z		;return unless an error occured.
  1795  0bc3  210f08            	LD	HL,BADSCTR	;bad read/write on this sector.
  1796  0bc6  c3500b            	JP	JUMPHL
  1797                          ;
  1798                          ;   Routine to select the track and sector that the desired
  1799                          ; block number falls in.
  1800                          ;
  1801  0bc9  2af015            TRKSEC:	LD	HL,(FILEPOS)	;get position of last accessed file
  1802  0bcc  0e02              	LD	C,2		;in directory and compute sector #.
  1803  0bce  cdf00c            	CALL	SHIFTR		;sector #=file-position/4.
  1804  0bd1  22eb15            	LD	(BLKNMBR),HL	;save this as the block number of interest.
  1805  0bd4  22f215            	LD	(CKSUMTBL),HL	;what's it doing here too?
  1806                          ;
  1807                          ;   if the sector number has already been set (BLKNMBR), enter
  1808                          ; at this point.
  1809                          ;
  1810  0bd7  21eb15            TRKSEC1:LD	HL,BLKNMBR
  1811  0bda  4e                	LD	C,(HL)		;move sector number into (BC).
  1812  0bdb  23                	INC	HL
  1813  0bdc  46                	LD	B,(HL)
  1814  0bdd  2abd15            	LD	HL,(SCRATCH3)	;get current sector number and
  1815  0be0  5e                	LD	E,(HL)		;move this into (DE).
  1816  0be1  23                	INC	HL
  1817  0be2  56                	LD	D,(HL)
  1818  0be3  2abb15            	LD	HL,(SCRATCH2)	;get current track number.
  1819  0be6  7e                	LD	A,(HL)		;and this into (HL).
  1820  0be7  23                	INC	HL
  1821  0be8  66                	LD	H,(HL)
  1822  0be9  6f                	LD	L,A
  1823  0bea  79                TRKSEC2:LD	A,C		;is desired sector before current one?
  1824  0beb  93                	SUB	E
  1825  0bec  78                	LD	A,B
  1826  0bed  9a                	SBC	A,D
  1827  0bee  d2000c            	JP	NC,TRKSEC3
  1828  0bf1  e5                	PUSH	HL		;yes, decrement sectors by one track.
  1829  0bf2  2ac715            	LD	HL,(SECTORS)	;get sectors per track.
  1830  0bf5  7b                	LD	A,E
  1831  0bf6  95                	SUB	L
  1832  0bf7  5f                	LD	E,A
  1833  0bf8  7a                	LD	A,D
  1834  0bf9  9c                	SBC	A,H
  1835  0bfa  57                	LD	D,A		;now we have backed up one full track.
  1836  0bfb  e1                	POP	HL
  1837  0bfc  2b                	DEC	HL		;adjust track counter.
  1838  0bfd  c3ea0b            	JP	TRKSEC2
  1839  0c00  e5                TRKSEC3:PUSH	HL		;desired sector is after current one.
  1840  0c01  2ac715            	LD	HL,(SECTORS)	;get sectors per track.
  1841  0c04  19                	ADD	HL,DE		;bump sector pointer to next track.
  1842  0c05  da150c            	JP	C,TRKSEC4
  1843  0c08  79                	LD	A,C		;is desired sector now before current one?
  1844  0c09  95                	SUB	L
  1845  0c0a  78                	LD	A,B
  1846  0c0b  9c                	SBC	A,H
  1847  0c0c  da150c            	JP	C,TRKSEC4
  1848  0c0f  eb                	EX	DE,HL		;not yes, increment track counter
  1849  0c10  e1                	POP	HL		;and continue until it is.
  1850  0c11  23                	INC	HL
  1851  0c12  c3000c            	JP	TRKSEC3
  1852                          ;
  1853                          ;   here we have determined the track number that contains the
  1854                          ; desired sector.
  1855                          ;
  1856  0c15  e1                TRKSEC4:POP	HL		;get track number (HL).
  1857  0c16  c5                	PUSH	BC
  1858  0c17  d5                	PUSH	DE
  1859  0c18  e5                	PUSH	HL
  1860  0c19  eb                	EX	DE,HL
  1861  0c1a  2ad415            	LD	HL,(OFFSET)	;adjust for first track offset.
  1862  0c1d  19                	ADD	HL,DE
  1863  0c1e  44                	LD	B,H
  1864  0c1f  4d                	LD	C,L
  1865  0c20  cd1eeb            	CALL	SETTRK		;select this track.
  1866  0c23  d1                	POP	DE		;reset current track pointer.
  1867  0c24  2abb15            	LD	HL,(SCRATCH2)
  1868  0c27  73                	LD	(HL),E
  1869  0c28  23                	INC	HL
  1870  0c29  72                	LD	(HL),D
  1871  0c2a  d1                	POP	DE
  1872  0c2b  2abd15            	LD	HL,(SCRATCH3)	;reset the first sector on this track.
  1873  0c2e  73                	LD	(HL),E
  1874  0c2f  23                	INC	HL
  1875  0c30  72                	LD	(HL),D
  1876  0c31  c1                	POP	BC
  1877  0c32  79                	LD	A,C		;now subtract the desired one.
  1878  0c33  93                	SUB	E		;to make it relative (1-# sectors/track).
  1879  0c34  4f                	LD	C,A
  1880  0c35  78                	LD	A,B
  1881  0c36  9a                	SBC	A,D
  1882  0c37  47                	LD	B,A
  1883  0c38  2ad615            	LD	HL,(XLATE)	;translate this sector according to this table.
  1884  0c3b  eb                	EX	DE,HL
  1885  0c3c  cd30eb            	CALL	SECTRN		;let the bios translate it.
  1886  0c3f  4d                	LD	C,L
  1887  0c40  44                	LD	B,H
  1888  0c41  c321eb            	JP	SETSEC		;and select it.
  1889                          ;
  1890                          ;   Compute block number from record number (SAVNREC) and
  1891                          ; extent number (SAVEXT).
  1892                          ;
  1893  0c44  21c915            GETBLOCK: LD	HL,BLKSHFT	;get logical to physical conversion.
  1894  0c47  4e                	LD	C,(HL)		;note that this is base 2 log of ratio.
  1895  0c48  3ae915            	LD	A,(SAVNREC)	;get record number.
  1896  0c4b  b7                GETBLK1:OR	A		;compute (A)=(A)/2^BLKSHFT.
  1897  0c4c  1f                	RRA
  1898  0c4d  0d                	DEC	C
  1899  0c4e  c24b0c            	JP	NZ,GETBLK1
  1900  0c51  47                	LD	B,A		;save result in (B).
  1901  0c52  3e08              	LD	A,8
  1902  0c54  96                	SUB	(HL)
  1903  0c55  4f                	LD	C,A		;compute (C)=8-BLKSHFT.
  1904  0c56  3ae815            	LD	A,(SAVEXT)
  1905  0c59  0d                GETBLK2:DEC	C		;compute (A)=SAVEXT*2^(8-BLKSHFT).
  1906  0c5a  ca620c            	JP	Z,GETBLK3
  1907  0c5d  b7                	OR	A
  1908  0c5e  17                	RLA
  1909  0c5f  c3590c            	JP	GETBLK2
  1910  0c62  80                GETBLK3:ADD	A,B
  1911  0c63  c9                	RET
  1912                          ;
  1913                          ;   Routine to extract the (BC) block byte from the fcb pointed
  1914                          ; to by (PARAMS). If this is a big-disk, then these are 16 bit
  1915                          ; block numbers, else they are 8 bit numbers.
  1916                          ; Number is returned in (HL).
  1917                          ;
  1918  0c64  2a490b            EXTBLK:	LD	HL,(PARAMS)	;get fcb address.
  1919  0c67  111000            	LD	DE,16		;block numbers start 16 bytes into fcb.
  1920  0c6a  19                	ADD	HL,DE
  1921  0c6b  09                	ADD	HL,BC
  1922  0c6c  3ae315            	LD	A,(BIGDISK)	;are we using a big-disk?
  1923  0c6f  b7                	OR	A
  1924  0c70  ca770c            	JP	Z,EXTBLK1
  1925  0c73  6e                	LD	L,(HL)		;no, extract an 8 bit number from the fcb.
  1926  0c74  2600              	LD	H,0
  1927  0c76  c9                	RET
  1928  0c77  09                EXTBLK1:ADD	HL,BC		;yes, extract a 16 bit number.
  1929  0c78  5e                	LD	E,(HL)
  1930  0c79  23                	INC	HL
  1931  0c7a  56                	LD	D,(HL)
  1932  0c7b  eb                	EX	DE,HL		;return in (HL).
  1933  0c7c  c9                	RET
  1934                          ;
  1935                          ;   Compute block number.
  1936                          ;
  1937  0c7d  cd440c            COMBLK:	CALL	GETBLOCK
  1938  0c80  4f                	LD	C,A
  1939  0c81  0600              	LD	B,0
  1940  0c83  cd640c            	CALL	EXTBLK
  1941  0c86  22eb15            	LD	(BLKNMBR),HL
  1942  0c89  c9                	RET
  1943                          ;
  1944                          ;   Check for a zero block number (unused).
  1945                          ;
  1946  0c8a  2aeb15            CHKBLK:	LD	HL,(BLKNMBR)
  1947  0c8d  7d                	LD	A,L		;is it zero?
  1948  0c8e  b4                	OR	H
  1949  0c8f  c9                	RET
  1950                          ;
  1951                          ;   Adjust physical block (BLKNMBR) and convert to logical
  1952                          ; sector (LOGSECT). This is the starting sector of this block.
  1953                          ; The actual sector of interest is then added to this and the
  1954                          ; resulting sector number is stored back in (BLKNMBR). This
  1955                          ; will still have to be adjusted for the track number.
  1956                          ;
  1957  0c90  3ac915            LOGICAL:LD	A,(BLKSHFT)	;get log2(physical/logical sectors).
  1958  0c93  2aeb15            	LD	HL,(BLKNMBR)	;get physical sector desired.
  1959  0c96  29                LOGICL1:ADD	HL,HL		;compute logical sector number.
  1960  0c97  3d                	DEC	A		;note logical sectors are 128 bytes long.
  1961  0c98  c2960c            	JP	NZ,LOGICL1
  1962  0c9b  22ed15            	LD	(LOGSECT),HL	;save logical sector.
  1963  0c9e  3aca15            	LD	A,(BLKMASK)	;get block mask.
  1964  0ca1  4f                	LD	C,A
  1965  0ca2  3ae915            	LD	A,(SAVNREC)	;get next sector to access.
  1966  0ca5  a1                	AND	C		;extract the relative position within physical block.
  1967  0ca6  b5                	OR	L		;and add it too logical sector.
  1968  0ca7  6f                	LD	L,A
  1969  0ca8  22eb15            	LD	(BLKNMBR),HL	;and store.
  1970  0cab  c9                	RET
  1971                          ;
  1972                          ;   Set (HL) to point to extent byte in fcb.
  1973                          ;
  1974  0cac  2a490b            SETEXT:	LD	HL,(PARAMS)
  1975  0caf  110c00            	LD	DE,12		;it is the twelth byte.
  1976  0cb2  19                	ADD	HL,DE
  1977  0cb3  c9                	RET
  1978                          ;
  1979                          ;   Set (HL) to point to record count byte in fcb and (DE) to
  1980                          ; next record number byte.
  1981                          ;
  1982  0cb4  2a490b            SETHLDE:LD	HL,(PARAMS)
  1983  0cb7  110f00            	LD	DE,15		;record count byte (#15).
  1984  0cba  19                	ADD	HL,DE
  1985  0cbb  eb                	EX	DE,HL
  1986  0cbc  211100            	LD	HL,17		;next record number (#32).
  1987  0cbf  19                	ADD	HL,DE
  1988  0cc0  c9                	RET
  1989                          ;
  1990                          ;   Save current file data from fcb.
  1991                          ;
  1992  0cc1  cdb40c            STRDATA:CALL	SETHLDE
  1993  0cc4  7e                	LD	A,(HL)		;get and store record count byte.
  1994  0cc5  32e915            	LD	(SAVNREC),A
  1995  0cc8  eb                	EX	DE,HL
  1996  0cc9  7e                	LD	A,(HL)		;get and store next record number byte.
  1997  0cca  32e715            	LD	(SAVNXT),A
  1998  0ccd  cdac0c            	CALL	SETEXT		;point to extent byte.
  1999  0cd0  3acb15            	LD	A,(EXTMASK)	;get extent mask.
  2000  0cd3  a6                	AND	(HL)
  2001  0cd4  32e815            	LD	(SAVEXT),A	;and save extent here.
  2002  0cd7  c9                	RET
  2003                          ;
  2004                          ;   Set the next record to access. If (MODE) is set to 2, then
  2005                          ; the last record byte (SAVNREC) has the correct number to access.
  2006                          ; For sequential access, (MODE) will be equal to 1.
  2007                          ;
  2008  0cd8  cdb40c            SETNREC:CALL	SETHLDE
  2009  0cdb  3adb15            	LD	A,(MODE)	;get sequential flag (=1).
  2010  0cde  fe02              	CP	2		;a 2 indicates that no adder is needed.
  2011  0ce0  c2e40c            	JP	NZ,STNREC1
  2012  0ce3  af                	XOR	A		;clear adder (random access?).
  2013  0ce4  4f                STNREC1:LD	C,A
  2014  0ce5  3ae915            	LD	A,(SAVNREC)	;get last record number.
  2015  0ce8  81                	ADD	A,C		;increment record count.
  2016  0ce9  77                	LD	(HL),A		;and set fcb's next record byte.
  2017  0cea  eb                	EX	DE,HL
  2018  0ceb  3ae715            	LD	A,(SAVNXT)	;get next record byte from storage.
  2019  0cee  77                	LD	(HL),A		;and put this into fcb as number of records used.
  2020  0cef  c9                	RET
  2021                          ;
  2022                          ;   Shift (HL) right (C) bits.
  2023                          ;
  2024  0cf0  0c                SHIFTR:	INC	C
  2025  0cf1  0d                SHIFTR1:DEC	C
  2026  0cf2  c8                	RET	Z
  2027  0cf3  7c                	LD	A,H
  2028  0cf4  b7                	OR	A
  2029  0cf5  1f                	RRA
  2030  0cf6  67                	LD	H,A
  2031  0cf7  7d                	LD	A,L
  2032  0cf8  1f                	RRA
  2033  0cf9  6f                	LD	L,A
  2034  0cfa  c3f10c            	JP	SHIFTR1
  2035                          ;
  2036                          ;   Compute the check-sum for the directory buffer. Return
  2037                          ; integer sum in (A).
  2038                          ;
  2039  0cfd  0e80              CHECKSUM: LD	C,128		;length of buffer.
  2040  0cff  2abf15            	LD	HL,(DIRBUF)	;get its location.
  2041  0d02  af                	XOR	A		;clear summation byte.
  2042                          CHKSUM1:
  2043  0d03  86                	ADD	A,(HL)		;and compute sum ignoring carries.
  2044  0d04  23                	INC	HL
  2045  0d05  0d                	DEC	C
  2046  0d06  c2030d            	JP	NZ,CHKSUM1
  2047  0d09  c9                	RET
  2048                          ;
  2049                          ;   Shift (HL) left (C) bits.
  2050                          ;
  2051  0d0a  0c                SHIFTL:	INC	C
  2052  0d0b  0d                SHIFTL1:DEC	C
  2053  0d0c  c8                	RET	Z
  2054  0d0d  29                	ADD	HL,HL		;shift left 1 bit.
  2055  0d0e  c30b0d            	JP	SHIFTL1
  2056                          ;
  2057                          ;   Routine to set a bit in a 16 bit value contained in (BC).
  2058                          ; The bit set depends on the current drive selection.
  2059                          ;
  2060  0d11  c5                SETBIT:	PUSH	BC		;save 16 bit word.
  2061  0d12  3a480b            	LD	A,(ACTIVE)	;get active drive.
  2062  0d15  4f                	LD	C,A
  2063  0d16  210100            	LD	HL,1
  2064  0d19  cd0a0d            	CALL	SHIFTL		;shift bit 0 into place.
  2065  0d1c  c1                	POP	BC		;now 'or' this with the original word.
  2066  0d1d  79                	LD	A,C
  2067  0d1e  b5                	OR	L
  2068  0d1f  6f                	LD	L,A		;low byte done, do high byte.
  2069  0d20  78                	LD	A,B
  2070  0d21  b4                	OR	H
  2071  0d22  67                	LD	H,A
  2072  0d23  c9                	RET
  2073                          ;
  2074                          ;   Extract the write protect status bit for the current drive.
  2075                          ; The result is returned in (A), bit 0.
  2076                          ;
  2077  0d24  2ab315            GETWPRT:LD	HL,(WRTPRT)	;get status bytes.
  2078  0d27  3a480b            	LD	A,(ACTIVE)	;which drive is current?
  2079  0d2a  4f                	LD	C,A
  2080  0d2b  cdf00c            	CALL	SHIFTR		;shift status such that bit 0 is the
  2081  0d2e  7d                	LD	A,L		;one of interest for this drive.
  2082  0d2f  e601              	AND	01H		;and isolate it.
  2083  0d31  c9                	RET
  2084                          ;
  2085                          ;   Function to write protect the current disk.
  2086                          ;
  2087  0d32  21b315            WRTPRTD:LD	HL,WRTPRT	;point to status word.
  2088  0d35  4e                	LD	C,(HL)		;set (BC) equal to the status.
  2089  0d36  23                	INC	HL
  2090  0d37  46                	LD	B,(HL)
  2091  0d38  cd110d            	CALL	SETBIT		;and set this bit according to current drive.
  2092  0d3b  22b315            	LD	(WRTPRT),HL	;then save.
  2093  0d3e  2ace15            	LD	HL,(DIRSIZE)	;now save directory size limit.
  2094  0d41  23                	INC	HL		;remember the last one.
  2095  0d42  eb                	EX	DE,HL
  2096  0d43  2ab915            	LD	HL,(SCRATCH1)	;and store it here.
  2097  0d46  73                	LD	(HL),E		;put low byte.
  2098  0d47  23                	INC	HL
  2099  0d48  72                	LD	(HL),D		;then high byte.
  2100  0d49  c9                	RET
  2101                          ;
  2102                          ;   Check for a read only file.
  2103                          ;
  2104  0d4a  cd640d            CHKROFL:CALL	FCB2HL		;set (HL) to file entry in directory buffer.
  2105  0d4d  110900            CKROF1:	LD	DE,9		;look at bit 7 of the ninth byte.
  2106  0d50  19                	ADD	HL,DE
  2107  0d51  7e                	LD	A,(HL)
  2108  0d52  17                	RLA
  2109  0d53  d0                	RET	NC		;return if ok.
  2110  0d54  211508            	LD	HL,ROFILE	;else, print error message and terminate.
  2111  0d57  c3500b            	JP	JUMPHL
  2112                          ;
  2113                          ;   Check the write protect status of the active disk.
  2114                          ;
  2115  0d5a  cd240d            CHKWPRT:CALL	GETWPRT
  2116  0d5d  c8                	RET	Z		;return if ok.
  2117  0d5e  211308            	LD	HL,RODISK	;else print message and terminate.
  2118  0d61  c3500b            	JP	JUMPHL
  2119                          ;
  2120                          ;   Routine to set (HL) pointing to the proper entry in the
  2121                          ; directory buffer.
  2122                          ;
  2123  0d64  2abf15            FCB2HL:	LD	HL,(DIRBUF)	;get address of buffer.
  2124  0d67  3aef15            	LD	A,(FCBPOS)	;relative position of file.
  2125                          ;
  2126                          ;   Routine to add (A) to (HL).
  2127                          ;
  2128  0d6a  85                ADDA2HL:ADD	A,L
  2129  0d6b  6f                	LD	L,A
  2130  0d6c  d0                	RET	NC
  2131  0d6d  24                	INC	H		;take care of any carry.
  2132  0d6e  c9                	RET
  2133                          ;
  2134                          ;   Routine to get the 's2' byte from the fcb supplied in
  2135                          ; the initial parameter specification.
  2136                          ;
  2137  0d6f  2a490b            GETS2:	LD	HL,(PARAMS)	;get address of fcb.
  2138  0d72  110e00            	LD	DE,14		;relative position of 's2'.
  2139  0d75  19                	ADD	HL,DE
  2140  0d76  7e                	LD	A,(HL)		;extract this byte.
  2141  0d77  c9                	RET
  2142                          ;
  2143                          ;   Clear the 's2' byte in the fcb.
  2144                          ;
  2145  0d78  cd6f0d            CLEARS2:CALL	GETS2		;this sets (HL) pointing to it.
  2146  0d7b  3600              	LD	(HL),0		;now clear it.
  2147  0d7d  c9                	RET
  2148                          ;
  2149                          ;   Set bit 7 in the 's2' byte of the fcb.
  2150                          ;
  2151  0d7e  cd6f0d            SETS2B7:CALL	GETS2		;get the byte.
  2152  0d81  f680              	OR	80H		;and set bit 7.
  2153  0d83  77                	LD	(HL),A		;then store.
  2154  0d84  c9                	RET
  2155                          ;
  2156                          ;   Compare (FILEPOS) with (SCRATCH1) and set flags based on
  2157                          ; the difference. This checks to see if there are more file
  2158                          ; names in the directory. We are at (FILEPOS) and there are
  2159                          ; (SCRATCH1) of them to check.
  2160                          ;
  2161  0d85  2af015            MOREFLS:LD	HL,(FILEPOS)	;we are here.
  2162  0d88  eb                	EX	DE,HL
  2163  0d89  2ab915            	LD	HL,(SCRATCH1)	;and don't go past here.
  2164  0d8c  7b                	LD	A,E		;compute difference but don't keep.
  2165  0d8d  96                	SUB	(HL)
  2166  0d8e  23                	INC	HL
  2167  0d8f  7a                	LD	A,D
  2168  0d90  9e                	SBC	A,(HL)		;set carry if no more names.
  2169  0d91  c9                	RET
  2170                          ;
  2171                          ;   Call this routine to prevent (SCRATCH1) from being greater
  2172                          ; than (FILEPOS).
  2173                          ;
  2174  0d92  cd850d            CHKNMBR:CALL	MOREFLS		;SCRATCH1 too big?
  2175  0d95  d8                	RET	C
  2176  0d96  13                	INC	DE		;yes, reset it to (FILEPOS).
  2177  0d97  72                	LD	(HL),D
  2178  0d98  2b                	DEC	HL
  2179  0d99  73                	LD	(HL),E
  2180  0d9a  c9                	RET
  2181                          ;
  2182                          ;   Compute (HL)=(DE)-(HL)
  2183                          ;
  2184  0d9b  7b                SUBHL:	LD	A,E		;compute difference.
  2185  0d9c  95                	SUB	L
  2186  0d9d  6f                	LD	L,A		;store low byte.
  2187  0d9e  7a                	LD	A,D
  2188  0d9f  9c                	SBC	A,H
  2189  0da0  67                	LD	H,A		;and then high byte.
  2190  0da1  c9                	RET
  2191                          ;
  2192                          ;   Set the directory checksum byte.
  2193                          ;
  2194  0da2  0eff              SETDIR:	LD	C,0FFH
  2195                          ;
  2196                          ;   Routine to set or compare the directory checksum byte. If
  2197                          ; (C)=0ffh, then this will set the checksum byte. Else the byte
  2198                          ; will be checked. If the check fails (the disk has been changed),
  2199                          ; then this disk will be write protected.
  2200                          ;
  2201  0da4  2af215            CHECKDIR: LD	HL,(CKSUMTBL)
  2202  0da7  eb                	EX	DE,HL
  2203  0da8  2ad215            	LD	HL,(ALLOC1)
  2204  0dab  cd9b0d            	CALL	SUBHL
  2205  0dae  d0                	RET	NC		;ok if (CKSUMTBL) > (ALLOC1), so return.
  2206  0daf  c5                	PUSH	BC
  2207  0db0  cdfd0c            	CALL	CHECKSUM	;else compute checksum.
  2208  0db3  2ac315            	LD	HL,(CHKVECT)	;get address of checksum table.
  2209  0db6  eb                	EX	DE,HL
  2210  0db7  2af215            	LD	HL,(CKSUMTBL)
  2211  0dba  19                	ADD	HL,DE		;set (HL) to point to byte for this drive.
  2212  0dbb  c1                	POP	BC
  2213  0dbc  0c                	INC	C		;set or check ?
  2214  0dbd  caca0d            	JP	Z,CHKDIR1
  2215  0dc0  be                	CP	(HL)		;check them.
  2216  0dc1  c8                	RET	Z		;return if they are the same.
  2217  0dc2  cd850d            	CALL	MOREFLS		;not the same, do we care?
  2218  0dc5  d0                	RET	NC
  2219  0dc6  cd320d            	CALL	WRTPRTD		;yes, mark this as write protected.
  2220  0dc9  c9                	RET
  2221  0dca  77                CHKDIR1:LD	(HL),A		;just set the byte.
  2222  0dcb  c9                	RET
  2223                          ;
  2224                          ;   Do a write to the directory of the current disk.
  2225                          ;
  2226  0dcc  cda20d            DIRWRITE: CALL	SETDIR		;set checksum byte.
  2227  0dcf  cde60d            	CALL	DIRDMA		;set directory dma address.
  2228  0dd2  0e01              	LD	C,1		;tell the bios to actually write.
  2229  0dd4  cdbe0b            	CALL	DOWRITE		;then do the write.
  2230  0dd7  c3e00d            	JP	DEFDMA
  2231                          ;
  2232                          ;   Read from the directory.
  2233                          ;
  2234  0dda  cde60d            DIRREAD:CALL	DIRDMA		;set the directory dma address.
  2235  0ddd  cdb80b            	CALL	DOREAD		;and read it.
  2236                          ;
  2237                          ;   Routine to set the dma address to the users choice.
  2238                          ;
  2239  0de0  21b715            DEFDMA:	LD	HL,USERDMA	;reset the default dma address and return.
  2240  0de3  c3e90d            	JP	DIRDMA1
  2241                          ;
  2242                          ;   Routine to set the dma address for directory work.
  2243                          ;
  2244  0de6  21bf15            DIRDMA:	LD	HL,DIRBUF
  2245                          ;
  2246                          ;   Set the dma address. On entry, (HL) points to
  2247                          ; word containing the desired dma address.
  2248                          ;
  2249  0de9  4e                DIRDMA1:LD	C,(HL)
  2250  0dea  23                	INC	HL
  2251  0deb  46                	LD	B,(HL)		;setup (BC) and go to the bios to set it.
  2252  0dec  c324eb            	JP	SETDMA
  2253                          ;
  2254                          ;   Move the directory buffer into user's dma space.
  2255                          ;
  2256  0def  2abf15            MOVEDIR:LD	HL,(DIRBUF)	;buffer is located here, and
  2257  0df2  eb                	EX	DE,HL
  2258  0df3  2ab715            	LD	HL,(USERDMA)	; put it here.
  2259  0df6  0e80              	LD	C,128		;this is its length.
  2260  0df8  c3550b            	JP	DE2HL		;move it now and return.
  2261                          ;
  2262                          ;   Check (FILEPOS) and set the zero flag if it equals 0ffffh.
  2263                          ;
  2264  0dfb  21f015            CKFILPOS: LD	HL,FILEPOS
  2265  0dfe  7e                	LD	A,(HL)
  2266  0dff  23                	INC	HL
  2267  0e00  be                	CP	(HL)		;are both bytes the same?
  2268  0e01  c0                	RET	NZ
  2269  0e02  3c                	INC	A		;yes, but are they each 0ffh?
  2270  0e03  c9                	RET
  2271                          ;
  2272                          ;   Set location (FILEPOS) to 0ffffh.
  2273                          ;
  2274  0e04  21ffff            STFILPOS: LD	HL,0FFFFH
  2275  0e07  22f015            	LD	(FILEPOS),HL
  2276  0e0a  c9                	RET
  2277                          ;
  2278                          ;   Move on to the next file position within the current
  2279                          ; directory buffer. If no more exist, set pointer to 0ffffh
  2280                          ; and the calling routine will check for this. Enter with (C)
  2281                          ; equal to 0ffh to cause the checksum byte to be set, else we
  2282                          ; will check this disk and set write protect if checksums are
  2283                          ; not the same (applies only if another directory sector must
  2284                          ; be read).
  2285                          ;
  2286  0e0b  2ace15            NXENTRY:LD	HL,(DIRSIZE)	;get directory entry size limit.
  2287  0e0e  eb                	EX	DE,HL
  2288  0e0f  2af015            	LD	HL,(FILEPOS)	;get current count.
  2289  0e12  23                	INC	HL		;go on to the next one.
  2290  0e13  22f015            	LD	(FILEPOS),HL
  2291  0e16  cd9b0d            	CALL	SUBHL		;(HL)=(DIRSIZE)-(FILEPOS)
  2292  0e19  d21f0e            	JP	NC,NXENT1	;is there more room left?
  2293  0e1c  c3040e            	JP	STFILPOS	;no. Set this flag and return.
  2294  0e1f  3af015            NXENT1:	LD	A,(FILEPOS)	;get file position within directory.
  2295  0e22  e603              	AND	03H		;only look within this sector (only 4 entries fit).
  2296  0e24  0605              	LD	B,5		;convert to relative position (32 bytes each).
  2297  0e26  87                NXENT2:	ADD	A,A		;note that this is not efficient code.
  2298  0e27  05                	DEC	B		;5 'ADD A's would be better.
  2299  0e28  c2260e            	JP	NZ,NXENT2
  2300  0e2b  32ef15            	LD	(FCBPOS),A	;save it as position of fcb.
  2301  0e2e  b7                	OR	A
  2302  0e2f  c0                	RET	NZ		;return if we are within buffer.
  2303  0e30  c5                	PUSH	BC
  2304  0e31  cdc90b            	CALL	TRKSEC		;we need the next directory sector.
  2305  0e34  cdda0d            	CALL	DIRREAD
  2306  0e37  c1                	POP	BC
  2307  0e38  c3a40d            	JP	CHECKDIR
  2308                          ;
  2309                          ;   Routine to to get a bit from the disk space allocation
  2310                          ; map. It is returned in (A), bit position 0. On entry to here,
  2311                          ; set (BC) to the block number on the disk to check.
  2312                          ; On return, (D) will contain the original bit position for
  2313                          ; this block number and (HL) will point to the address for it.
  2314                          ;
  2315  0e3b  79                CKBITMAP: LD	A,C		;determine bit number of interest.
  2316  0e3c  e607              	AND	07H		;compute (D)=(E)=(C and 7)+1.
  2317  0e3e  3c                	INC	A
  2318  0e3f  5f                	LD	E,A		;save particular bit number.
  2319  0e40  57                	LD	D,A
  2320                          ;
  2321                          ;   compute (BC)=(BC)/8.
  2322                          ;
  2323  0e41  79                	LD	A,C
  2324  0e42  0f                	RRCA			;now shift right 3 bits.
  2325  0e43  0f                	RRCA
  2326  0e44  0f                	RRCA
  2327  0e45  e61f              	AND	1FH		;and clear bits 7,6,5.
  2328  0e47  4f                	LD	C,A
  2329  0e48  78                	LD	A,B
  2330  0e49  87                	ADD	A,A		;now shift (B) into bits 7,6,5.
  2331  0e4a  87                	ADD	A,A
  2332  0e4b  87                	ADD	A,A
  2333  0e4c  87                	ADD	A,A
  2334  0e4d  87                	ADD	A,A
  2335  0e4e  b1                	OR	C		;and add in (C).
  2336  0e4f  4f                	LD	C,A		;ok, (C) ha been completed.
  2337  0e50  78                	LD	A,B		;is there a better way of doing this?
  2338  0e51  0f                	RRCA
  2339  0e52  0f                	RRCA
  2340  0e53  0f                	RRCA
  2341  0e54  e61f              	AND	1FH
  2342  0e56  47                	LD	B,A		;and now (B) is completed.
  2343                          ;
  2344                          ;   use this as an offset into the disk space allocation
  2345                          ; table.
  2346                          ;
  2347  0e57  2ac515            	LD	HL,(ALOCVECT)
  2348  0e5a  09                	ADD	HL,BC
  2349  0e5b  7e                	LD	A,(HL)		;now get correct byte.
  2350  0e5c  07                CKBMAP1:RLCA			;get correct bit into position 0.
  2351  0e5d  1d                	DEC	E
  2352  0e5e  c25c0e            	JP	NZ,CKBMAP1
  2353  0e61  c9                	RET
  2354                          ;
  2355                          ;   Set or clear the bit map such that block number (BC) will be marked
  2356                          ; as used. On entry, if (E)=0 then this bit will be cleared, if it equals
  2357                          ; 1 then it will be set (don't use anyother values).
  2358                          ;
  2359  0e62  d5                STBITMAP: PUSH	DE
  2360  0e63  cd3b0e            	CALL	CKBITMAP	;get the byte of interest.
  2361  0e66  e6fe              	AND	0FEH		;clear the affected bit.
  2362  0e68  c1                	POP	BC
  2363  0e69  b1                	OR	C		;and now set it acording to (C).
  2364                          ;
  2365                          ;  entry to restore the original bit position and then store
  2366                          ; in table. (A) contains the value, (D) contains the bit
  2367                          ; position (1-8), and (HL) points to the address within the
  2368                          ; space allocation table for this byte.
  2369                          ;
  2370  0e6a  0f                STBMAP1:RRCA			;restore original bit position.
  2371  0e6b  15                	DEC	D
  2372  0e6c  c26a0e            	JP	NZ,STBMAP1
  2373  0e6f  77                	LD	(HL),A		;and stor byte in table.
  2374  0e70  c9                	RET
  2375                          ;
  2376                          ;   Set/clear space used bits in allocation map for this file.
  2377                          ; On entry, (C)=1 to set the map and (C)=0 to clear it.
  2378                          ;
  2379  0e71  cd640d            SETFILE:CALL	FCB2HL		;get address of fcb
  2380  0e74  111000            	LD	DE,16
  2381  0e77  19                	ADD	HL,DE		;get to block number bytes.
  2382  0e78  c5                	PUSH	BC
  2383  0e79  0e11              	LD	C,17		;check all 17 bytes (max) of table.
  2384  0e7b  d1                SETFL1:	POP	DE
  2385  0e7c  0d                	DEC	C		;done all bytes yet?
  2386  0e7d  c8                	RET	Z
  2387  0e7e  d5                	PUSH	DE
  2388  0e7f  3ae315            	LD	A,(BIGDISK)	;check disk size for 16 bit block numbers.
  2389  0e82  b7                	OR	A
  2390  0e83  ca8e0e            	JP	Z,SETFL2
  2391  0e86  c5                	PUSH	BC		;only 8 bit numbers. set (BC) to this one.
  2392  0e87  e5                	PUSH	HL
  2393  0e88  4e                	LD	C,(HL)		;get low byte from table, always
  2394  0e89  0600              	LD	B,0		;set high byte to zero.
  2395  0e8b  c3940e            	JP	SETFL3
  2396  0e8e  0d                SETFL2:	DEC	C		;for 16 bit block numbers, adjust counter.
  2397  0e8f  c5                	PUSH	BC
  2398  0e90  4e                	LD	C,(HL)		;now get both the low and high bytes.
  2399  0e91  23                	INC	HL
  2400  0e92  46                	LD	B,(HL)
  2401  0e93  e5                	PUSH	HL
  2402  0e94  79                SETFL3:	LD	A,C		;block used?
  2403  0e95  b0                	OR	B
  2404  0e96  caa30e            	JP	Z,SETFL4
  2405  0e99  2acc15            	LD	HL,(DSKSIZE)	;is this block number within the
  2406  0e9c  7d                	LD	A,L		;space on the disk?
  2407  0e9d  91                	SUB	C
  2408  0e9e  7c                	LD	A,H
  2409  0e9f  98                	SBC	A,B
  2410  0ea0  d4620e            	CALL	NC,STBITMAP	;yes, set the proper bit.
  2411  0ea3  e1                SETFL4:	POP	HL		;point to next block number in fcb.
  2412  0ea4  23                	INC	HL
  2413  0ea5  c1                	POP	BC
  2414  0ea6  c37b0e            	JP	SETFL1
  2415                          ;
  2416                          ;   Construct the space used allocation bit map for the active
  2417                          ; drive. If a file name starts with '$' and it is under the
  2418                          ; current user number, then (STATUS) is set to minus 1. Otherwise
  2419                          ; it is not set at all.
  2420                          ;
  2421  0ea9  2acc15            BITMAP:	LD	HL,(DSKSIZE)	;compute size of allocation table.
  2422  0eac  0e03              	LD	C,3
  2423  0eae  cdf00c            	CALL	SHIFTR		;(HL)=(HL)/8.
  2424  0eb1  23                	INC	HL		;at lease 1 byte.
  2425  0eb2  44                	LD	B,H
  2426  0eb3  4d                	LD	C,L		;set (BC) to the allocation table length.
  2427                          ;
  2428                          ;   Initialize the bitmap for this drive. Right now, the first
  2429                          ; two bytes are specified by the disk parameter block. However
  2430                          ; a patch could be entered here if it were necessary to setup
  2431                          ; this table in a special mannor. For example, the bios could
  2432                          ; determine locations of 'bad blocks' and set them as already
  2433                          ; 'used' in the map.
  2434                          ;
  2435  0eb4  2ac515            	LD	HL,(ALOCVECT)	;now zero out the table now.
  2436  0eb7  3600              BITMAP1:LD	(HL),0
  2437  0eb9  23                	INC	HL
  2438  0eba  0b                	DEC	BC
  2439  0ebb  78                	LD	A,B
  2440  0ebc  b1                	OR	C
  2441  0ebd  c2b70e            	JP	NZ,BITMAP1
  2442  0ec0  2ad015            	LD	HL,(ALLOC0)	;get initial space used by directory.
  2443  0ec3  eb                	EX	DE,HL
  2444  0ec4  2ac515            	LD	HL,(ALOCVECT)	;and put this into map.
  2445  0ec7  73                	LD	(HL),E
  2446  0ec8  23                	INC	HL
  2447  0ec9  72                	LD	(HL),D
  2448                          ;
  2449                          ;   End of initialization portion.
  2450                          ;
  2451  0eca  cda70b            	CALL	HOMEDRV		;now home the drive.
  2452  0ecd  2ab915            	LD	HL,(SCRATCH1)
  2453  0ed0  3603              	LD	(HL),3		;force next directory request to read
  2454  0ed2  23                	INC	HL		;in a sector.
  2455  0ed3  3600              	LD	(HL),0
  2456  0ed5  cd040e            	CALL	STFILPOS	;clear initial file position also.
  2457  0ed8  0eff              BITMAP2:LD	C,0FFH		;read next file name in directory
  2458  0eda  cd0b0e            	CALL	NXENTRY		;and set checksum byte.
  2459  0edd  cdfb0d            	CALL	CKFILPOS	;is there another file?
  2460  0ee0  c8                	RET	Z
  2461  0ee1  cd640d            	CALL	FCB2HL		;yes, get its address.
  2462  0ee4  3ee5              	LD	A,0E5H
  2463  0ee6  be                	CP	(HL)		;empty file entry?
  2464  0ee7  cad80e            	JP	Z,BITMAP2
  2465  0eea  3a470b            	LD	A,(USERNO)	;no, correct user number?
  2466  0eed  be                	CP	(HL)
  2467  0eee  c2fc0e            	JP	NZ,BITMAP3
  2468  0ef1  23                	INC	HL
  2469  0ef2  7e                	LD	A,(HL)		;yes, does name start with a '$'?
  2470  0ef3  d624              	SUB	'$'
  2471  0ef5  c2fc0e            	JP	NZ,BITMAP3
  2472  0ef8  3d                	DEC	A		;yes, set atatus to minus one.
  2473  0ef9  324b0b            	LD	(STATUS),A
  2474  0efc  0e01              BITMAP3:LD	C,1		;now set this file's space as used in bit map.
  2475  0efe  cd710e            	CALL	SETFILE
  2476  0f01  cd920d            	CALL	CHKNMBR		;keep (SCRATCH1) in bounds.
  2477  0f04  c3d80e            	JP	BITMAP2
  2478                          ;
  2479                          ;   Set the status (STATUS) and return.
  2480                          ;
  2481  0f07  3ada15            STSTATUS: LD	A,(FNDSTAT)
  2482  0f0a  c3070b            	JP	SETSTAT
  2483                          ;
  2484                          ;   Check extents in (A) and (C). Set the zero flag if they
  2485                          ; are the same. The number of 16k chunks of disk space that
  2486                          ; the directory extent covers is expressad is (EXTMASK+1).
  2487                          ; No registers are modified.
  2488                          ;
  2489  0f0d  c5                SAMEXT:	PUSH	BC
  2490  0f0e  f5                	PUSH	AF
  2491  0f0f  3acb15            	LD	A,(EXTMASK)	;get extent mask and use it to
  2492  0f12  2f                	CPL			;to compare both extent numbers.
  2493  0f13  47                	LD	B,A		;save resulting mask here.
  2494  0f14  79                	LD	A,C		;mask first extent and save in (C).
  2495  0f15  a0                	AND	B
  2496  0f16  4f                	LD	C,A
  2497  0f17  f1                	POP	AF		;now mask second extent and compare
  2498  0f18  a0                	AND	B		;with the first one.
  2499  0f19  91                	SUB	C
  2500  0f1a  e61f              	AND	1FH		;(* only check buts 0-4 *)
  2501  0f1c  c1                	POP	BC		;the zero flag is set if they are the same.
  2502  0f1d  c9                	RET			;restore (BC) and return.
  2503                          ;
  2504                          ;   Search for the first occurence of a file name. On entry,
  2505                          ; register (C) should contain the number of bytes of the fcb
  2506                          ; that must match.
  2507                          ;
  2508  0f1e  3eff              FINDFST:LD	A,0FFH
  2509  0f20  32da15            	LD	(FNDSTAT),A
  2510  0f23  21de15            	LD	HL,COUNTER	;save character count.
  2511  0f26  71                	LD	(HL),C
  2512  0f27  2a490b            	LD	HL,(PARAMS)	;get filename to match.
  2513  0f2a  22df15            	LD	(SAVEFCB),HL	;and save.
  2514  0f2d  cd040e            	CALL	STFILPOS	;clear initial file position (set to 0ffffh).
  2515  0f30  cda70b            	CALL	HOMEDRV		;home the drive.
  2516                          ;
  2517                          ;   Entry to locate the next occurence of a filename within the
  2518                          ; directory. The disk is not expected to have been changed. If
  2519                          ; it was, then it will be write protected.
  2520                          ;
  2521  0f33  0e00              FINDNXT:LD	C,0		;write protect the disk if changed.
  2522  0f35  cd0b0e            	CALL	NXENTRY		;get next filename entry in directory.
  2523  0f38  cdfb0d            	CALL	CKFILPOS	;is file position = 0ffffh?
  2524  0f3b  ca9a0f            	JP	Z,FNDNXT6	;yes, exit now then.
  2525  0f3e  2adf15            	LD	HL,(SAVEFCB)	;set (DE) pointing to filename to match.
  2526  0f41  eb                	EX	DE,HL
  2527  0f42  1a                	LD	A,(DE)
  2528  0f43  fee5              	CP	0E5H		;empty directory entry?
  2529  0f45  ca500f            	JP	Z,FNDNXT1	;(* are we trying to reserect erased entries? *)
  2530  0f48  d5                	PUSH	DE
  2531  0f49  cd850d            	CALL	MOREFLS		;more files in directory?
  2532  0f4c  d1                	POP	DE
  2533  0f4d  d29a0f            	JP	NC,FNDNXT6	;no more. Exit now.
  2534  0f50  cd640d            FNDNXT1:CALL	FCB2HL		;get address of this fcb in directory.
  2535  0f53  3ade15            	LD	A,(COUNTER)	;get number of bytes (characters) to check.
  2536  0f56  4f                	LD	C,A
  2537  0f57  0600              	LD	B,0		;initialize byte position counter.
  2538  0f59  79                FNDNXT2:LD	A,C		;are we done with the compare?
  2539  0f5a  b7                	OR	A
  2540  0f5b  ca890f            	JP	Z,FNDNXT5
  2541  0f5e  1a                	LD	A,(DE)		;no, check next byte.
  2542  0f5f  fe3f              	CP	'?'		;don't care about this character?
  2543  0f61  ca820f            	JP	Z,FNDNXT4
  2544  0f64  78                	LD	A,B		;get bytes position in fcb.
  2545  0f65  fe0d              	CP	13		;don't care about the thirteenth byte either.
  2546  0f67  ca820f            	JP	Z,FNDNXT4
  2547  0f6a  fe0c              	CP	12		;extent byte?
  2548  0f6c  1a                	LD	A,(DE)
  2549  0f6d  ca790f            	JP	Z,FNDNXT3
  2550  0f70  96                	SUB	(HL)		;otherwise compare characters.
  2551  0f71  e67f              	AND	7FH
  2552  0f73  c2330f            	JP	NZ,FINDNXT	;not the same, check next entry.
  2553  0f76  c3820f            	JP	FNDNXT4		;so far so good, keep checking.
  2554  0f79  c5                FNDNXT3:PUSH	BC		;check the extent byte here.
  2555  0f7a  4e                	LD	C,(HL)
  2556  0f7b  cd0d0f            	CALL	SAMEXT
  2557  0f7e  c1                	POP	BC
  2558  0f7f  c2330f            	JP	NZ,FINDNXT	;not the same, look some more.
  2559                          ;
  2560                          ;   So far the names compare. Bump pointers to the next byte
  2561                          ; and continue until all (C) characters have been checked.
  2562                          ;
  2563  0f82  13                FNDNXT4:INC	DE		;bump pointers.
  2564  0f83  23                	INC	HL
  2565  0f84  04                	INC	B
  2566  0f85  0d                	DEC	C		;adjust character counter.
  2567  0f86  c3590f            	JP	FNDNXT2
  2568  0f89  3af015            FNDNXT5:LD	A,(FILEPOS)	;return the position of this entry.
  2569  0f8c  e603              	AND	03H
  2570  0f8e  324b0b            	LD	(STATUS),A
  2571  0f91  21da15            	LD	HL,FNDSTAT
  2572  0f94  7e                	LD	A,(HL)
  2573  0f95  17                	RLA
  2574  0f96  d0                	RET	NC
  2575  0f97  af                	XOR	A
  2576  0f98  77                	LD	(HL),A
  2577  0f99  c9                	RET
  2578                          ;
  2579                          ;   Filename was not found. Set appropriate status.
  2580                          ;
  2581  0f9a  cd040e            FNDNXT6:CALL	STFILPOS	;set (FILEPOS) to 0ffffh.
  2582  0f9d  3eff              	LD	A,0FFH		;say not located.
  2583  0f9f  c3070b            	JP	SETSTAT
  2584                          ;
  2585                          ;   Erase files from the directory. Only the first byte of the
  2586                          ; fcb will be affected. It is set to (E5).
  2587                          ;
  2588  0fa2  cd5a0d            ERAFILE:CALL	CHKWPRT		;is disk write protected?
  2589  0fa5  0e0c              	LD	C,12		;only compare file names.
  2590  0fa7  cd1e0f            	CALL	FINDFST		;get first file name.
  2591  0faa  cdfb0d            ERAFIL1:CALL	CKFILPOS	;any found?
  2592  0fad  c8                	RET	Z		;nope, we must be done.
  2593  0fae  cd4a0d            	CALL	CHKROFL		;is file read only?
  2594  0fb1  cd640d            	CALL	FCB2HL		;nope, get address of fcb and
  2595  0fb4  36e5              	LD	(HL),0E5H	;set first byte to 'empty'.
  2596  0fb6  0e00              	LD	C,0		;clear the space from the bit map.
  2597  0fb8  cd710e            	CALL	SETFILE
  2598  0fbb  cdcc0d            	CALL	DIRWRITE	;now write the directory sector back out.
  2599  0fbe  cd330f            	CALL	FINDNXT		;find the next file name.
  2600  0fc1  c3aa0f            	JP	ERAFIL1		;and repeat process.
  2601                          ;
  2602                          ;   Look through the space allocation map (bit map) for the
  2603                          ; next available block. Start searching at block number (BC-1).
  2604                          ; The search procedure is to look for an empty block that is
  2605                          ; before the starting block. If not empty, look at a later
  2606                          ; block number. In this way, we return the closest empty block
  2607                          ; on either side of the 'target' block number. This will speed
  2608                          ; access on random devices. For serial devices, this should be
  2609                          ; changed to look in the forward direction first and then start
  2610                          ; at the front and search some more.
  2611                          ;
  2612                          ;   On return, (DE)= block number that is empty and (HL) =0
  2613                          ; if no empry block was found.
  2614                          ;
  2615  0fc4  50                FNDSPACE: LD	D,B		;set (DE) as the block that is checked.
  2616  0fc5  59                	LD	E,C
  2617                          ;
  2618                          ;   Look before target block. Registers (BC) are used as the lower
  2619                          ; pointer and (DE) as the upper pointer.
  2620                          ;
  2621  0fc6  79                FNDSPA1:LD	A,C		;is block 0 specified?
  2622  0fc7  b0                	OR	B
  2623  0fc8  cad70f            	JP	Z,FNDSPA2
  2624  0fcb  0b                	DEC	BC		;nope, check previous block.
  2625  0fcc  d5                	PUSH	DE
  2626  0fcd  c5                	PUSH	BC
  2627  0fce  cd3b0e            	CALL	CKBITMAP
  2628  0fd1  1f                	RRA			;is this block empty?
  2629  0fd2  d2f20f            	JP	NC,FNDSPA3	;yes. use this.
  2630                          ;
  2631                          ;   Note that the above logic gets the first block that it finds
  2632                          ; that is empty. Thus a file could be written 'backward' making
  2633                          ; it very slow to access. This could be changed to look for the
  2634                          ; first empty block and then continue until the start of this
  2635                          ; empty space is located and then used that starting block.
  2636                          ; This should help speed up access to some files especially on
  2637                          ; a well used disk with lots of fairly small 'holes'.
  2638                          ;
  2639  0fd5  c1                	POP	BC		;nope, check some more.
  2640  0fd6  d1                	POP	DE
  2641                          ;
  2642                          ;   Now look after target block.
  2643                          ;
  2644  0fd7  2acc15            FNDSPA2:LD	HL,(DSKSIZE)	;is block (DE) within disk limits?
  2645  0fda  7b                	LD	A,E
  2646  0fdb  95                	SUB	L
  2647  0fdc  7a                	LD	A,D
  2648  0fdd  9c                	SBC	A,H
  2649  0fde  d2fa0f            	JP	NC,FNDSPA4
  2650  0fe1  13                	INC	DE		;yes, move on to next one.
  2651  0fe2  c5                	PUSH	BC
  2652  0fe3  d5                	PUSH	DE
  2653  0fe4  42                	LD	B,D
  2654  0fe5  4b                	LD	C,E
  2655  0fe6  cd3b0e            	CALL	CKBITMAP	;check it.
  2656  0fe9  1f                	RRA			;empty?
  2657  0fea  d2f20f            	JP	NC,FNDSPA3
  2658  0fed  d1                	POP	DE		;nope, continue searching.
  2659  0fee  c1                	POP	BC
  2660  0fef  c3c60f            	JP	FNDSPA1
  2661                          ;
  2662                          ;   Empty block found. Set it as used and return with (HL)
  2663                          ; pointing to it (true?).
  2664                          ;
  2665  0ff2  17                FNDSPA3:RLA			;reset byte.
  2666  0ff3  3c                	INC	A		;and set bit 0.
  2667  0ff4  cd6a0e            	CALL	STBMAP1		;update bit map.
  2668  0ff7  e1                	POP	HL		;set return registers.
  2669  0ff8  d1                	POP	DE
  2670  0ff9  c9                	RET
  2671                          ;
  2672                          ;   Free block was not found. If (BC) is not zero, then we have
  2673                          ; not checked all of the disk space.
  2674                          ;
  2675  0ffa  79                FNDSPA4:LD	A,C
  2676  0ffb  b0                	OR	B
  2677  0ffc  c2c60f            	JP	NZ,FNDSPA1
  2678  0fff  210000            	LD	HL,0		;set 'not found' status.
  2679  1002  c9                	RET
  2680                          ;
  2681                          ;   Move a complete fcb entry into the directory and write it.
  2682                          ;
  2683  1003  0e00              FCBSET:	LD	C,0
  2684  1005  1e20              	LD	E,32		;length of each entry.
  2685                          ;
  2686                          ;   Move (E) bytes from the fcb pointed to by (PARAMS) into
  2687                          ; fcb in directory starting at relative byte (C). This updated
  2688                          ; directory buffer is then written to the disk.
  2689                          ;
  2690  1007  d5                UPDATE:	PUSH	DE
  2691  1008  0600              	LD	B,0		;set (BC) to relative byte position.
  2692  100a  2a490b            	LD	HL,(PARAMS)	;get address of fcb.
  2693  100d  09                	ADD	HL,BC		;compute starting byte.
  2694  100e  eb                	EX	DE,HL
  2695  100f  cd640d            	CALL	FCB2HL		;get address of fcb to update in directory.
  2696  1012  c1                	POP	BC		;set (C) to number of bytes to change.
  2697  1013  cd550b            	CALL	DE2HL
  2698  1016  cdc90b            UPDATE1:CALL	TRKSEC		;determine the track and sector affected.
  2699  1019  c3cc0d            	JP	DIRWRITE	;then write this sector out.
  2700                          ;
  2701                          ;   Routine to change the name of all files on the disk with a
  2702                          ; specified name. The fcb contains the current name as the
  2703                          ; first 12 characters and the new name 16 bytes into the fcb.
  2704                          ;
  2705  101c  cd5a0d            CHGNAMES: CALL	CHKWPRT		;check for a write protected disk.
  2706  101f  0e0c              	LD	C,12		;match first 12 bytes of fcb only.
  2707  1021  cd1e0f            	CALL	FINDFST		;get first name.
  2708  1024  2a490b            	LD	HL,(PARAMS)	;get address of fcb.
  2709  1027  7e                	LD	A,(HL)		;get user number.
  2710  1028  111000            	LD	DE,16		;move over to desired name.
  2711  102b  19                	ADD	HL,DE
  2712  102c  77                	LD	(HL),A		;keep same user number.
  2713  102d  cdfb0d            CHGNAM1:CALL	CKFILPOS	;any matching file found?
  2714  1030  c8                	RET	Z		;no, we must be done.
  2715  1031  cd4a0d            	CALL	CHKROFL		;check for read only file.
  2716  1034  0e10              	LD	C,16		;start 16 bytes into fcb.
  2717  1036  1e0c              	LD	E,12		;and update the first 12 bytes of directory.
  2718  1038  cd0710            	CALL	UPDATE
  2719  103b  cd330f            	CALL	FINDNXT		;get te next file name.
  2720  103e  c32d10            	JP	CHGNAM1		;and continue.
  2721                          ;
  2722                          ;   Update a files attributes. The procedure is to search for
  2723                          ; every file with the same name as shown in fcb (ignoring bit 7)
  2724                          ; and then to update it (which includes bit 7). No other changes
  2725                          ; are made.
  2726                          ;
  2727  1041  0e0c              SAVEATTR: LD	C,12		;match first 12 bytes.
  2728  1043  cd1e0f            	CALL	FINDFST		;look for first filename.
  2729  1046  cdfb0d            SAVATR1:CALL	CKFILPOS	;was one found?
  2730  1049  c8                	RET	Z		;nope, we must be done.
  2731  104a  0e00              	LD	C,0		;yes, update the first 12 bytes now.
  2732  104c  1e0c              	LD	E,12
  2733  104e  cd0710            	CALL	UPDATE		;update filename and write directory.
  2734  1051  cd330f            	CALL	FINDNXT		;and get the next file.
  2735  1054  c34610            	JP	SAVATR1		;then continue until done.
  2736                          ;
  2737                          ;  Open a file (name specified in fcb).
  2738                          ;
  2739  1057  0e0f              OPENIT:	LD	C,15		;compare the first 15 bytes.
  2740  1059  cd1e0f            	CALL	FINDFST		;get the first one in directory.
  2741  105c  cdfb0d            	CALL	CKFILPOS	;any at all?
  2742  105f  c8                	RET	Z
  2743  1060  cdac0c            OPENIT1:CALL	SETEXT		;point to extent byte within users fcb.
  2744  1063  7e                	LD	A,(HL)		;and get it.
  2745  1064  f5                	PUSH	AF		;save it and address.
  2746  1065  e5                	PUSH	HL
  2747  1066  cd640d            	CALL	FCB2HL		;point to fcb in directory.
  2748  1069  eb                	EX	DE,HL
  2749  106a  2a490b            	LD	HL,(PARAMS)	;this is the users copy.
  2750  106d  0e20              	LD	C,32		;move it into users space.
  2751  106f  d5                	PUSH	DE
  2752  1070  cd550b            	CALL	DE2HL
  2753  1073  cd7e0d            	CALL	SETS2B7		;set bit 7 in 's2' byte (unmodified).
  2754  1076  d1                	POP	DE		;now get the extent byte from this fcb.
  2755  1077  210c00            	LD	HL,12
  2756  107a  19                	ADD	HL,DE
  2757  107b  4e                	LD	C,(HL)		;into (C).
  2758  107c  210f00            	LD	HL,15		;now get the record count byte into (B).
  2759  107f  19                	ADD	HL,DE
  2760  1080  46                	LD	B,(HL)
  2761  1081  e1                	POP	HL		;keep the same extent as the user had originally.
  2762  1082  f1                	POP	AF
  2763  1083  77                	LD	(HL),A
  2764  1084  79                	LD	A,C		;is it the same as in the directory fcb?
  2765  1085  be                	CP	(HL)
  2766  1086  78                	LD	A,B		;if yes, then use the same record count.
  2767  1087  ca9110            	JP	Z,OPENIT2
  2768  108a  3e00              	LD	A,0		;if the user specified an extent greater than
  2769  108c  da9110            	JP	C,OPENIT2	;the one in the directory, then set record count to 0.
  2770  108f  3e80              	LD	A,128		;otherwise set to maximum.
  2771  1091  2a490b            OPENIT2:LD	HL,(PARAMS)	;set record count in users fcb to (A).
  2772  1094  110f00            	LD	DE,15
  2773  1097  19                	ADD	HL,DE		;compute relative position.
  2774  1098  77                	LD	(HL),A		;and set the record count.
  2775  1099  c9                	RET
  2776                          ;
  2777                          ;   Move two bytes from (DE) to (HL) if (and only if) (HL)
  2778                          ; point to a zero value (16 bit).
  2779                          ;   Return with zero flag set it (DE) was moved. Registers (DE)
  2780                          ; and (HL) are not changed. However (A) is.
  2781                          ;
  2782  109a  7e                MOVEWORD: LD	A,(HL)		;check for a zero word.
  2783  109b  23                	INC	HL
  2784  109c  b6                	OR	(HL)		;both bytes zero?
  2785  109d  2b                	DEC	HL
  2786  109e  c0                	RET	NZ		;nope, just return.
  2787  109f  1a                	LD	A,(DE)		;yes, move two bytes from (DE) into
  2788  10a0  77                	LD	(HL),A		;this zero space.
  2789  10a1  13                	INC	DE
  2790  10a2  23                	INC	HL
  2791  10a3  1a                	LD	A,(DE)
  2792  10a4  77                	LD	(HL),A
  2793  10a5  1b                	DEC	DE		;don't disturb these registers.
  2794  10a6  2b                	DEC	HL
  2795  10a7  c9                	RET
  2796                          ;
  2797                          ;   Get here to close a file specified by (fcb).
  2798                          ;
  2799  10a8  af                CLOSEIT:XOR	A		;clear status and file position bytes.
  2800  10a9  324b0b            	LD	(STATUS),A
  2801  10ac  32f015            	LD	(FILEPOS),A
  2802  10af  32f115            	LD	(FILEPOS+1),A
  2803  10b2  cd240d            	CALL	GETWPRT		;get write protect bit for this drive.
  2804  10b5  c0                	RET	NZ		;just return if it is set.
  2805  10b6  cd6f0d            	CALL	GETS2		;else get the 's2' byte.
  2806  10b9  e680              	AND	80H		;and look at bit 7 (file unmodified?).
  2807  10bb  c0                	RET	NZ		;just return if set.
  2808  10bc  0e0f              	LD	C,15		;else look up this file in directory.
  2809  10be  cd1e0f            	CALL	FINDFST
  2810  10c1  cdfb0d            	CALL	CKFILPOS	;was it found?
  2811  10c4  c8                	RET	Z		;just return if not.
  2812  10c5  011000            	LD	BC,16		;set (HL) pointing to records used section.
  2813  10c8  cd640d            	CALL	FCB2HL
  2814  10cb  09                	ADD	HL,BC
  2815  10cc  eb                	EX	DE,HL
  2816  10cd  2a490b            	LD	HL,(PARAMS)	;do the same for users specified fcb.
  2817  10d0  09                	ADD	HL,BC
  2818  10d1  0e10              	LD	C,16		;this many bytes are present in this extent.
  2819  10d3  3ae315            CLOSEIT1: LD	A,(BIGDISK)	;8 or 16 bit record numbers?
  2820  10d6  b7                	OR	A
  2821  10d7  caee10            	JP	Z,CLOSEIT4
  2822  10da  7e                	LD	A,(HL)		;just 8 bit. Get one from users fcb.
  2823  10db  b7                	OR	A
  2824  10dc  1a                	LD	A,(DE)		;now get one from directory fcb.
  2825  10dd  c2e110            	JP	NZ,CLOSEIT2
  2826  10e0  77                	LD	(HL),A		;users byte was zero. Update from directory.
  2827  10e1  b7                CLOSEIT2: OR	A
  2828  10e2  c2e710            	JP	NZ,CLOSEIT3
  2829  10e5  7e                	LD	A,(HL)		;directories byte was zero, update from users fcb.
  2830  10e6  12                	LD	(DE),A
  2831  10e7  be                CLOSEIT3: CP	(HL)		;if neither one of these bytes were zero,
  2832  10e8  c22511            	JP	NZ,CLOSEIT7	;then close error if they are not the same.
  2833  10eb  c30311            	JP	CLOSEIT5	;ok so far, get to next byte in fcbs.
  2834  10ee  cd9a10            CLOSEIT4: CALL	MOVEWORD	;update users fcb if it is zero.
  2835  10f1  eb                	EX	DE,HL
  2836  10f2  cd9a10            	CALL	MOVEWORD	;update directories fcb if it is zero.
  2837  10f5  eb                	EX	DE,HL
  2838  10f6  1a                	LD	A,(DE)		;if these two values are no different,
  2839  10f7  be                	CP	(HL)		;then a close error occured.
  2840  10f8  c22511            	JP	NZ,CLOSEIT7
  2841  10fb  13                	INC	DE		;check second byte.
  2842  10fc  23                	INC	HL
  2843  10fd  1a                	LD	A,(DE)
  2844  10fe  be                	CP	(HL)
  2845  10ff  c22511            	JP	NZ,CLOSEIT7
  2846  1102  0d                	DEC	C		;remember 16 bit values.
  2847  1103  13                CLOSEIT5: INC	DE		;bump to next item in table.
  2848  1104  23                	INC	HL
  2849  1105  0d                	DEC	C		;there are 16 entries only.
  2850  1106  c2d310            	JP	NZ,CLOSEIT1	;continue if more to do.
  2851  1109  01ecff            	LD	BC,0FFECH	;backup 20 places (extent byte).
  2852  110c  09                	ADD	HL,BC
  2853  110d  eb                	EX	DE,HL
  2854  110e  09                	ADD	HL,BC
  2855  110f  1a                	LD	A,(DE)
  2856  1110  be                	CP	(HL)		;directory's extent already greater than the
  2857  1111  da1d11            	JP	C,CLOSEIT6	;users extent?
  2858  1114  77                	LD	(HL),A		;no, update directory extent.
  2859  1115  010300            	LD	BC,3		;and update the record count byte in
  2860  1118  09                	ADD	HL,BC		;directories fcb.
  2861  1119  eb                	EX	DE,HL
  2862  111a  09                	ADD	HL,BC
  2863  111b  7e                	LD	A,(HL)		;get from user.
  2864  111c  12                	LD	(DE),A		;and put in directory.
  2865  111d  3eff              CLOSEIT6: LD	A,0FFH		;set 'was open and is now closed' byte.
  2866  111f  32d815            	LD	(CLOSEFLG),A
  2867  1122  c31610            	JP	UPDATE1		;update the directory now.
  2868  1125  214b0b            CLOSEIT7: LD	HL,STATUS	;set return status and then return.
  2869  1128  35                	DEC	(HL)
  2870  1129  c9                	RET
  2871                          ;
  2872                          ;   Routine to get the next empty space in the directory. It
  2873                          ; will then be cleared for use.
  2874                          ;
  2875  112a  cd5a0d            GETEMPTY: CALL	CHKWPRT		;make sure disk is not write protected.
  2876  112d  2a490b            	LD	HL,(PARAMS)	;save current parameters (fcb).
  2877  1130  e5                	PUSH	HL
  2878  1131  21b215            	LD	HL,EMPTYFCB	;use special one for empty space.
  2879  1134  22490b            	LD	(PARAMS),HL
  2880  1137  0e01              	LD	C,1		;search for first empty spot in directory.
  2881  1139  cd1e0f            	CALL	FINDFST		;(* only check first byte *)
  2882  113c  cdfb0d            	CALL	CKFILPOS	;none?
  2883  113f  e1                	POP	HL
  2884  1140  22490b            	LD	(PARAMS),HL	;restore original fcb address.
  2885  1143  c8                	RET	Z		;return if no more space.
  2886  1144  eb                	EX	DE,HL
  2887  1145  210f00            	LD	HL,15		;point to number of records for this file.
  2888  1148  19                	ADD	HL,DE
  2889  1149  0e11              	LD	C,17		;and clear all of this space.
  2890  114b  af                	XOR	A
  2891  114c  77                GETMT1:	LD	(HL),A
  2892  114d  23                	INC	HL
  2893  114e  0d                	DEC	C
  2894  114f  c24c11            	JP	NZ,GETMT1
  2895  1152  210d00            	LD	HL,13		;clear the 's1' byte also.
  2896  1155  19                	ADD	HL,DE
  2897  1156  77                	LD	(HL),A
  2898  1157  cd920d            	CALL	CHKNMBR		;keep (SCRATCH1) within bounds.
  2899  115a  cd0310            	CALL	FCBSET		;write out this fcb entry to directory.
  2900  115d  c37e0d            	JP	SETS2B7		;set 's2' byte bit 7 (unmodified at present).
  2901                          ;
  2902                          ;   Routine to close the current extent and open the next one
  2903                          ; for reading.
  2904                          ;
  2905  1160  af                GETNEXT:XOR	A
  2906  1161  32d815            	LD	(CLOSEFLG),A	;clear close flag.
  2907  1164  cda810            	CALL	CLOSEIT		;close this extent.
  2908  1167  cdfb0d            	CALL	CKFILPOS
  2909  116a  c8                	RET	Z		;not there???
  2910  116b  2a490b            	LD	HL,(PARAMS)	;get extent byte.
  2911  116e  010c00            	LD	BC,12
  2912  1171  09                	ADD	HL,BC
  2913  1172  7e                	LD	A,(HL)		;and increment it.
  2914  1173  3c                	INC	A
  2915  1174  e61f              	AND	1FH		;keep within range 0-31.
  2916  1176  77                	LD	(HL),A
  2917  1177  ca8911            	JP	Z,GTNEXT1	;overflow?
  2918  117a  47                	LD	B,A		;mask extent byte.
  2919  117b  3acb15            	LD	A,(EXTMASK)
  2920  117e  a0                	AND	B
  2921  117f  21d815            	LD	HL,CLOSEFLG	;check close flag (0ffh is ok).
  2922  1182  a6                	AND	(HL)
  2923  1183  ca9411            	JP	Z,GTNEXT2	;if zero, we must read in next extent.
  2924  1186  c3b211            	JP	GTNEXT3		;else, it is already in memory.
  2925  1189  010200            GTNEXT1:LD	BC,2		;Point to the 's2' byte.
  2926  118c  09                	ADD	HL,BC
  2927  118d  34                	INC	(HL)		;and bump it.
  2928  118e  7e                	LD	A,(HL)		;too many extents?
  2929  118f  e60f              	AND	0FH
  2930  1191  cabc11            	JP	Z,GTNEXT5	;yes, set error code.
  2931                          ;
  2932                          ;   Get here to open the next extent.
  2933                          ;
  2934  1194  0e0f              GTNEXT2:LD	C,15		;set to check first 15 bytes of fcb.
  2935  1196  cd1e0f            	CALL	FINDFST		;find the first one.
  2936  1199  cdfb0d            	CALL	CKFILPOS	;none available?
  2937  119c  c2b211            	JP	NZ,GTNEXT3
  2938  119f  3ad915            	LD	A,(RDWRTFLG)	;no extent present. Can we open an empty one?
  2939  11a2  3c                	INC	A		;0ffh means reading (so not possible).
  2940  11a3  cabc11            	JP	Z,GTNEXT5	;or an error.
  2941  11a6  cd2a11            	CALL	GETEMPTY	;we are writing, get an empty entry.
  2942  11a9  cdfb0d            	CALL	CKFILPOS	;none?
  2943  11ac  cabc11            	JP	Z,GTNEXT5	;error if true.
  2944  11af  c3b511            	JP	GTNEXT4		;else we are almost done.
  2945  11b2  cd6010            GTNEXT3:CALL	OPENIT1		;open this extent.
  2946  11b5  cdc10c            GTNEXT4:CALL	STRDATA		;move in updated data (rec #, extent #, etc.)
  2947  11b8  af                	XOR	A		;clear status and return.
  2948  11b9  c3070b            	JP	SETSTAT
  2949                          ;
  2950                          ;   Error in extending the file. Too many extents were needed
  2951                          ; or not enough space on the disk.
  2952                          ;
  2953  11bc  cd0b0b            GTNEXT5:CALL	IOERR1		;set error code, clear bit 7 of 's2'
  2954  11bf  c37e0d            	JP	SETS2B7		;so this is not written on a close.
  2955                          ;
  2956                          ;   Read a sequential file.
  2957                          ;
  2958  11c2  3e01              RDSEQ:	LD	A,1		;set sequential access mode.
  2959  11c4  32db15            	LD	(MODE),A
  2960  11c7  3eff              RDSEQ1:	LD	A,0FFH		;don't allow reading unwritten space.
  2961  11c9  32d915            	LD	(RDWRTFLG),A
  2962  11cc  cdc10c            	CALL	STRDATA		;put rec# and ext# into fcb.
  2963  11cf  3ae915            	LD	A,(SAVNREC)	;get next record to read.
  2964  11d2  21e715            	LD	HL,SAVNXT	;get number of records in extent.
  2965  11d5  be                	CP	(HL)		;within this extent?
  2966  11d6  daec11            	JP	C,RDSEQ2
  2967  11d9  fe80              	CP	128		;no. Is this extent fully used?
  2968  11db  c20112            	JP	NZ,RDSEQ3	;no. End-of-file.
  2969  11de  cd6011            	CALL	GETNEXT		;yes, open the next one.
  2970  11e1  af                	XOR	A		;reset next record to read.
  2971  11e2  32e915            	LD	(SAVNREC),A
  2972  11e5  3a4b0b            	LD	A,(STATUS)	;check on open, successful?
  2973  11e8  b7                	OR	A
  2974  11e9  c20112            	JP	NZ,RDSEQ3	;no, error.
  2975  11ec  cd7d0c            RDSEQ2:	CALL	COMBLK		;ok. compute block number to read.
  2976  11ef  cd8a0c            	CALL	CHKBLK		;check it. Within bounds?
  2977  11f2  ca0112            	JP	Z,RDSEQ3	;no, error.
  2978  11f5  cd900c            	CALL	LOGICAL		;convert (BLKNMBR) to logical sector (128 byte).
  2979  11f8  cdd70b            	CALL	TRKSEC1		;set the track and sector for this block #.
  2980  11fb  cdb80b            	CALL	DOREAD		;and read it.
  2981  11fe  c3d80c            	JP	SETNREC		;and set the next record to be accessed.
  2982                          ;
  2983                          ;   Read error occured. Set status and return.
  2984                          ;
  2985  1201  c30b0b            RDSEQ3:	JP	IOERR1
  2986                          ;
  2987                          ;   Write the next sequential record.
  2988                          ;
  2989  1204  3e01              WTSEQ:	LD	A,1		;set sequential access mode.
  2990  1206  32db15            	LD	(MODE),A
  2991  1209  3e00              WTSEQ1:	LD	A,0		;allow an addition empty extent to be opened.
  2992  120b  32d915            	LD	(RDWRTFLG),A
  2993  120e  cd5a0d            	CALL	CHKWPRT		;check write protect status.
  2994  1211  2a490b            	LD	HL,(PARAMS)
  2995  1214  cd4d0d            	CALL	CKROF1		;check for read only file, (HL) already set to fcb.
  2996  1217  cdc10c            	CALL	STRDATA		;put updated data into fcb.
  2997  121a  3ae915            	LD	A,(SAVNREC)	;get record number to write.
  2998  121d  fe80              	CP	128		;within range?
  2999  121f  d20b0b            	JP	NC,IOERR1	;no, error(?).
  3000  1222  cd7d0c            	CALL	COMBLK		;compute block number.
  3001  1225  cd8a0c            	CALL	CHKBLK		;check number.
  3002  1228  0e00              	LD	C,0		;is there one to write to?
  3003  122a  c27412            	JP	NZ,WTSEQ6	;yes, go do it.
  3004  122d  cd440c            	CALL	GETBLOCK	;get next block number within fcb to use.
  3005  1230  32dd15            	LD	(RELBLOCK),A	;and save.
  3006  1233  010000            	LD	BC,0		;start looking for space from the start
  3007  1236  b7                	OR	A		;if none allocated as yet.
  3008  1237  ca4112            	JP	Z,WTSEQ2
  3009  123a  4f                	LD	C,A		;extract previous block number from fcb
  3010  123b  0b                	DEC	BC		;so we can be closest to it.
  3011  123c  cd640c            	CALL	EXTBLK
  3012  123f  44                	LD	B,H
  3013  1240  4d                	LD	C,L
  3014  1241  cdc40f            WTSEQ2:	CALL	FNDSPACE	;find the next empty block nearest number (BC).
  3015  1244  7d                	LD	A,L		;check for a zero number.
  3016  1245  b4                	OR	H
  3017  1246  c24e12            	JP	NZ,WTSEQ3
  3018  1249  3e02              	LD	A,2		;no more space?
  3019  124b  c3070b            	JP	SETSTAT
  3020  124e  22eb15            WTSEQ3:	LD	(BLKNMBR),HL	;save block number to access.
  3021  1251  eb                	EX	DE,HL		;put block number into (DE).
  3022  1252  2a490b            	LD	HL,(PARAMS)	;now we must update the fcb for this
  3023  1255  011000            	LD	BC,16		;newly allocated block.
  3024  1258  09                	ADD	HL,BC
  3025  1259  3ae315            	LD	A,(BIGDISK)	;8 or 16 bit block numbers?
  3026  125c  b7                	OR	A
  3027  125d  3add15            	LD	A,(RELBLOCK)	;(* update this entry *)
  3028  1260  ca6a12            	JP	Z,WTSEQ4	;zero means 16 bit ones.
  3029  1263  cd6a0d            	CALL	ADDA2HL		;(HL)=(HL)+(A)
  3030  1266  73                	LD	(HL),E		;store new block number.
  3031  1267  c37212            	JP	WTSEQ5
  3032  126a  4f                WTSEQ4:	LD	C,A		;compute spot in this 16 bit table.
  3033  126b  0600              	LD	B,0
  3034  126d  09                	ADD	HL,BC
  3035  126e  09                	ADD	HL,BC
  3036  126f  73                	LD	(HL),E		;stuff block number (DE) there.
  3037  1270  23                	INC	HL
  3038  1271  72                	LD	(HL),D
  3039  1272  0e02              WTSEQ5:	LD	C,2		;set (C) to indicate writing to un-used disk space.
  3040  1274  3a4b0b            WTSEQ6:	LD	A,(STATUS)	;are we ok so far?
  3041  1277  b7                	OR	A
  3042  1278  c0                	RET	NZ
  3043  1279  c5                	PUSH	BC		;yes, save write flag for bios (register C).
  3044  127a  cd900c            	CALL	LOGICAL		;convert (BLKNMBR) over to loical sectors.
  3045  127d  3adb15            	LD	A,(MODE)	;get access mode flag (1=sequential,
  3046  1280  3d                	DEC	A		;0=random, 2=special?).
  3047  1281  3d                	DEC	A
  3048  1282  c2c112            	JP	NZ,WTSEQ9
  3049                          ;
  3050                          ;   Special random i/o from function #40. Maybe for M/PM, but the
  3051                          ; current block, if it has not been written to, will be zeroed
  3052                          ; out and then written (reason?).
  3053                          ;
  3054  1285  c1                	POP	BC
  3055  1286  c5                	PUSH	BC
  3056  1287  79                	LD	A,C		;get write status flag (2=writing unused space).
  3057  1288  3d                	DEC	A
  3058  1289  3d                	DEC	A
  3059  128a  c2c112            	JP	NZ,WTSEQ9
  3060  128d  e5                	PUSH	HL
  3061  128e  2abf15            	LD	HL,(DIRBUF)	;zero out the directory buffer.
  3062  1291  57                	LD	D,A		;note that (A) is zero here.
  3063  1292  77                WTSEQ7:	LD	(HL),A
  3064  1293  23                	INC	HL
  3065  1294  14                	INC	D		;do 128 bytes.
  3066  1295  f29212            	JP	P,WTSEQ7
  3067  1298  cde60d            	CALL	DIRDMA		;tell the bios the dma address for directory access.
  3068  129b  2aed15            	LD	HL,(LOGSECT)	;get sector that starts current block.
  3069  129e  0e02              	LD	C,2		;set 'writing to unused space' flag.
  3070  12a0  22eb15            WTSEQ8:	LD	(BLKNMBR),HL	;save sector to write.
  3071  12a3  c5                	PUSH	BC
  3072  12a4  cdd70b            	CALL	TRKSEC1		;determine its track and sector numbers.
  3073  12a7  c1                	POP	BC
  3074  12a8  cdbe0b            	CALL	DOWRITE		;now write out 128 bytes of zeros.
  3075  12ab  2aeb15            	LD	HL,(BLKNMBR)	;get sector number.
  3076  12ae  0e00              	LD	C,0		;set normal write flag.
  3077  12b0  3aca15            	LD	A,(BLKMASK)	;determine if we have written the entire
  3078  12b3  47                	LD	B,A		;physical block.
  3079  12b4  a5                	AND	L
  3080  12b5  b8                	CP	B
  3081  12b6  23                	INC	HL		;prepare for the next one.
  3082  12b7  c2a012            	JP	NZ,WTSEQ8	;continue until (BLKMASK+1) sectors written.
  3083  12ba  e1                	POP	HL		;reset next sector number.
  3084  12bb  22eb15            	LD	(BLKNMBR),HL
  3085  12be  cde00d            	CALL	DEFDMA		;and reset dma address.
  3086                          ;
  3087                          ;   Normal disk write. Set the desired track and sector then
  3088                          ; do the actual write.
  3089                          ;
  3090  12c1  cdd70b            WTSEQ9:	CALL	TRKSEC1		;determine track and sector for this write.
  3091  12c4  c1                	POP	BC		;get write status flag.
  3092  12c5  c5                	PUSH	BC
  3093  12c6  cdbe0b            	CALL	DOWRITE		;and write this out.
  3094  12c9  c1                	POP	BC
  3095  12ca  3ae915            	LD	A,(SAVNREC)	;get number of records in file.
  3096  12cd  21e715            	LD	HL,SAVNXT	;get last record written.
  3097  12d0  be                	CP	(HL)
  3098  12d1  dad812            	JP	C,WTSEQ10
  3099  12d4  77                	LD	(HL),A		;we have to update record count.
  3100  12d5  34                	INC	(HL)
  3101  12d6  0e02              	LD	C,2
  3102                          ;
  3103                          ;*   This area has been patched to correct disk update problem
  3104                          ;* when using blocking and de-blocking in the BIOS.
  3105                          ;
  3106  12d8  00                WTSEQ10:NOP			;was 'dcr c'
  3107  12d9  00                	NOP			;was 'dcr c'
  3108  12da  210000            	LD	HL,0		;was 'jnz wtseq99'
  3109                          ;
  3110                          ; *   End of patch.
  3111                          ;
  3112  12dd  f5                	PUSH	AF
  3113  12de  cd6f0d            	CALL	GETS2		;set 'extent written to' flag.
  3114  12e1  e67f              	AND	7FH		;(* clear bit 7 *)
  3115  12e3  77                	LD	(HL),A
  3116  12e4  f1                	POP	AF		;get record count for this extent.
  3117  12e5  fe7f              WTSEQ99:CP	127		;is it full?
  3118  12e7  c20613            	JP	NZ,WTSEQ12
  3119  12ea  3adb15            	LD	A,(MODE)	;yes, are we in sequential mode?
  3120  12ed  fe01              	CP	1
  3121  12ef  c20613            	JP	NZ,WTSEQ12
  3122  12f2  cdd80c            	CALL	SETNREC		;yes, set next record number.
  3123  12f5  cd6011            	CALL	GETNEXT		;and get next empty space in directory.
  3124  12f8  214b0b            	LD	HL,STATUS	;ok?
  3125  12fb  7e                	LD	A,(HL)
  3126  12fc  b7                	OR	A
  3127  12fd  c20413            	JP	NZ,WTSEQ11
  3128  1300  3d                	DEC	A		;yes, set record count to -1.
  3129  1301  32e915            	LD	(SAVNREC),A
  3130  1304  3600              WTSEQ11:LD	(HL),0		;clear status.
  3131  1306  c3d80c            WTSEQ12:JP	SETNREC		;set next record to access.
  3132                          ;
  3133                          ;   For random i/o, set the fcb for the desired record number
  3134                          ; based on the 'r0,r1,r2' bytes. These bytes in the fcb are
  3135                          ; used as follows:
  3136                          ;
  3137                          ;       fcb+35            fcb+34            fcb+33
  3138                          ;  |     'r-2'      |      'r-1'      |      'r-0'     |
  3139                          ;  |7             0 | 7             0 | 7             0|
  3140                          ;  |0 0 0 0 0 0 0 0 | 0 0 0 0 0 0 0 0 | 0 0 0 0 0 0 0 0|
  3141                          ;  |    overflow   | | extra |  extent   |   record #  |
  3142                          ;  | ______________| |_extent|__number___|_____________|
  3143                          ;                     also 's2'
  3144                          ;
  3145                          ;   On entry, register (C) contains 0ffh if this is a read
  3146                          ; and thus we can not access unwritten disk space. Otherwise,
  3147                          ; another extent will be opened (for writing) if required.
  3148                          ;
  3149  1309  af                POSITION: XOR	A		;set random i/o flag.
  3150  130a  32db15            	LD	(MODE),A
  3151                          ;
  3152                          ;   Special entry (function #40). M/PM ?
  3153                          ;
  3154  130d  c5                POSITN1:PUSH	BC		;save read/write flag.
  3155  130e  2a490b            	LD	HL,(PARAMS)	;get address of fcb.
  3156  1311  eb                	EX	DE,HL
  3157  1312  212100            	LD	HL,33		;now get byte 'r0'.
  3158  1315  19                	ADD	HL,DE
  3159  1316  7e                	LD	A,(HL)
  3160  1317  e67f              	AND	7FH		;keep bits 0-6 for the record number to access.
  3161  1319  f5                	PUSH	AF
  3162  131a  7e                	LD	A,(HL)		;now get bit 7 of 'r0' and bits 0-3 of 'r1'.
  3163  131b  17                	RLA
  3164  131c  23                	INC	HL
  3165  131d  7e                	LD	A,(HL)
  3166  131e  17                	RLA
  3167  131f  e61f              	AND	1FH		;and save this in bits 0-4 of (C).
  3168  1321  4f                	LD	C,A		;this is the extent byte.
  3169  1322  7e                	LD	A,(HL)		;now get the extra extent byte.
  3170  1323  1f                	RRA
  3171  1324  1f                	RRA
  3172  1325  1f                	RRA
  3173  1326  1f                	RRA
  3174  1327  e60f              	AND	0FH
  3175  1329  47                	LD	B,A		;and save it in (B).
  3176  132a  f1                	POP	AF		;get record number back to (A).
  3177  132b  23                	INC	HL		;check overflow byte 'r2'.
  3178  132c  6e                	LD	L,(HL)
  3179  132d  2c                	INC	L
  3180  132e  2d                	DEC	L
  3181  132f  2e06              	LD	L,6		;prepare for error.
  3182  1331  c29113            	JP	NZ,POSITN5	;out of disk space error.
  3183  1334  212000            	LD	HL,32		;store record number into fcb.
  3184  1337  19                	ADD	HL,DE
  3185  1338  77                	LD	(HL),A
  3186  1339  210c00            	LD	HL,12		;and now check the extent byte.
  3187  133c  19                	ADD	HL,DE
  3188  133d  79                	LD	A,C
  3189  133e  96                	SUB	(HL)		;same extent as before?
  3190  133f  c24d13            	JP	NZ,POSITN2
  3191  1342  210e00            	LD	HL,14		;yes, check extra extent byte 's2' also.
  3192  1345  19                	ADD	HL,DE
  3193  1346  78                	LD	A,B
  3194  1347  96                	SUB	(HL)
  3195  1348  e67f              	AND	7FH
  3196  134a  ca8513            	JP	Z,POSITN3	;same, we are almost done then.
  3197                          ;
  3198                          ;  Get here when another extent is required.
  3199                          ;
  3200  134d  c5                POSITN2:PUSH	BC
  3201  134e  d5                	PUSH	DE
  3202  134f  cda810            	CALL	CLOSEIT		;close current extent.
  3203  1352  d1                	POP	DE
  3204  1353  c1                	POP	BC
  3205  1354  2e03              	LD	L,3		;prepare for error.
  3206  1356  3a4b0b            	LD	A,(STATUS)
  3207  1359  3c                	INC	A
  3208  135a  ca8a13            	JP	Z,POSITN4	;close error.
  3209  135d  210c00            	LD	HL,12		;put desired extent into fcb now.
  3210  1360  19                	ADD	HL,DE
  3211  1361  71                	LD	(HL),C
  3212  1362  210e00            	LD	HL,14		;and store extra extent byte 's2'.
  3213  1365  19                	ADD	HL,DE
  3214  1366  70                	LD	(HL),B
  3215  1367  cd5710            	CALL	OPENIT		;try and get this extent.
  3216  136a  3a4b0b            	LD	A,(STATUS)	;was it there?
  3217  136d  3c                	INC	A
  3218  136e  c28513            	JP	NZ,POSITN3
  3219  1371  c1                	POP	BC		;no. can we create a new one (writing?).
  3220  1372  c5                	PUSH	BC
  3221  1373  2e04              	LD	L,4		;prepare for error.
  3222  1375  0c                	INC	C
  3223  1376  ca8a13            	JP	Z,POSITN4	;nope, reading unwritten space error.
  3224  1379  cd2a11            	CALL	GETEMPTY	;yes we can, try to find space.
  3225  137c  2e05              	LD	L,5		;prepare for error.
  3226  137e  3a4b0b            	LD	A,(STATUS)
  3227  1381  3c                	INC	A
  3228  1382  ca8a13            	JP	Z,POSITN4	;out of space?
  3229                          ;
  3230                          ;   Normal return location. Clear error code and return.
  3231                          ;
  3232  1385  c1                POSITN3:POP	BC		;restore stack.
  3233  1386  af                	XOR	A		;and clear error code byte.
  3234  1387  c3070b            	JP	SETSTAT
  3235                          ;
  3236                          ;   Error. Set the 's2' byte to indicate this (why?).
  3237                          ;
  3238  138a  e5                POSITN4:PUSH	HL
  3239  138b  cd6f0d            	CALL	GETS2
  3240  138e  36c0              	LD	(HL),0C0H
  3241  1390  e1                	POP	HL
  3242                          ;
  3243                          ;   Return with error code (presently in L).
  3244                          ;
  3245  1391  c1                POSITN5:POP	BC
  3246  1392  7d                	LD	A,L		;get error code.
  3247  1393  324b0b            	LD	(STATUS),A
  3248  1396  c37e0d            	JP	SETS2B7
  3249                          ;
  3250                          ;   Read a random record.
  3251                          ;
  3252  1399  0eff              READRAN:LD	C,0FFH		;set 'read' status.
  3253  139b  cd0913            	CALL	POSITION	;position the file to proper record.
  3254  139e  ccc711            	CALL	Z,RDSEQ1	;and read it as usual (if no errors).
  3255  13a1  c9                	RET
  3256                          ;
  3257                          ;   Write to a random record.
  3258                          ;
  3259  13a2  0e00              WRITERAN: LD	C,0		;set 'writing' flag.
  3260  13a4  cd0913            	CALL	POSITION	;position the file to proper record.
  3261  13a7  cc0912            	CALL	Z,WTSEQ1	;and write as usual (if no errors).
  3262  13aa  c9                	RET
  3263                          ;
  3264                          ;   Compute the random record number. Enter with (HL) pointing
  3265                          ; to a fcb an (DE) contains a relative location of a record
  3266                          ; number. On exit, (C) contains the 'r0' byte, (B) the 'r1'
  3267                          ; byte, and (A) the 'r2' byte.
  3268                          ;
  3269                          ;   On return, the zero flag is set if the record is within
  3270                          ; bounds. Otherwise, an overflow occured.
  3271                          ;
  3272  13ab  eb                COMPRAND: EX	DE,HL		;save fcb pointer in (DE).
  3273  13ac  19                	ADD	HL,DE		;compute relative position of record #.
  3274  13ad  4e                	LD	C,(HL)		;get record number into (BC).
  3275  13ae  0600              	LD	B,0
  3276  13b0  210c00            	LD	HL,12		;now get extent.
  3277  13b3  19                	ADD	HL,DE
  3278  13b4  7e                	LD	A,(HL)		;compute (BC)=(record #)+(extent)*128.
  3279  13b5  0f                	RRCA			;move lower bit into bit 7.
  3280  13b6  e680              	AND	80H		;and ignore all other bits.
  3281  13b8  81                	ADD	A,C		;add to our record number.
  3282  13b9  4f                	LD	C,A
  3283  13ba  3e00              	LD	A,0		;take care of any carry.
  3284  13bc  88                	ADC	A,B
  3285  13bd  47                	LD	B,A
  3286  13be  7e                	LD	A,(HL)		;now get the upper bits of extent into
  3287  13bf  0f                	RRCA			;bit positions 0-3.
  3288  13c0  e60f              	AND	0FH		;and ignore all others.
  3289  13c2  80                	ADD	A,B		;add this in to 'r1' byte.
  3290  13c3  47                	LD	B,A
  3291  13c4  210e00            	LD	HL,14		;get the 's2' byte (extra extent).
  3292  13c7  19                	ADD	HL,DE
  3293  13c8  7e                	LD	A,(HL)
  3294  13c9  87                	ADD	A,A		;and shift it left 4 bits (bits 4-7).
  3295  13ca  87                	ADD	A,A
  3296  13cb  87                	ADD	A,A
  3297  13cc  87                	ADD	A,A
  3298  13cd  f5                	PUSH	AF		;save carry flag (bit 0 of flag byte).
  3299  13ce  80                	ADD	A,B		;now add extra extent into 'r1'.
  3300  13cf  47                	LD	B,A
  3301  13d0  f5                	PUSH	AF		;and save carry (overflow byte 'r2').
  3302  13d1  e1                	POP	HL		;bit 0 of (L) is the overflow indicator.
  3303  13d2  7d                	LD	A,L
  3304  13d3  e1                	POP	HL		;and same for first carry flag.
  3305  13d4  b5                	OR	L		;either one of these set?
  3306  13d5  e601              	AND	01H		;only check the carry flags.
  3307  13d7  c9                	RET
  3308                          ;
  3309                          ;   Routine to setup the fcb (bytes 'r0', 'r1', 'r2') to
  3310                          ; reflect the last record used for a random (or other) file.
  3311                          ; This reads the directory and looks at all extents computing
  3312                          ; the largerst record number for each and keeping the maximum
  3313                          ; value only. Then 'r0', 'r1', and 'r2' will reflect this
  3314                          ; maximum record number. This is used to compute the space used
  3315                          ; by a random file.
  3316                          ;
  3317  13d8  0e0c              RANSIZE:LD	C,12		;look thru directory for first entry with
  3318  13da  cd1e0f            	CALL	FINDFST		;this name.
  3319  13dd  2a490b            	LD	HL,(PARAMS)	;zero out the 'r0, r1, r2' bytes.
  3320  13e0  112100            	LD	DE,33
  3321  13e3  19                	ADD	HL,DE
  3322  13e4  e5                	PUSH	HL
  3323  13e5  72                	LD	(HL),D		;note that (D)=0.
  3324  13e6  23                	INC	HL
  3325  13e7  72                	LD	(HL),D
  3326  13e8  23                	INC	HL
  3327  13e9  72                	LD	(HL),D
  3328  13ea  cdfb0d            RANSIZ1:CALL	CKFILPOS	;is there an extent to process?
  3329  13ed  ca1214            	JP	Z,RANSIZ3	;no, we are done.
  3330  13f0  cd640d            	CALL	FCB2HL		;set (HL) pointing to proper fcb in dir.
  3331  13f3  110f00            	LD	DE,15		;point to last record in extent.
  3332  13f6  cdab13            	CALL	COMPRAND	;and compute random parameters.
  3333  13f9  e1                	POP	HL
  3334  13fa  e5                	PUSH	HL		;now check these values against those
  3335  13fb  5f                	LD	E,A		;already in fcb.
  3336  13fc  79                	LD	A,C		;the carry flag will be set if those
  3337  13fd  96                	SUB	(HL)		;in the fcb represent a larger size than
  3338  13fe  23                	INC	HL		;this extent does.
  3339  13ff  78                	LD	A,B
  3340  1400  9e                	SBC	A,(HL)
  3341  1401  23                	INC	HL
  3342  1402  7b                	LD	A,E
  3343  1403  9e                	SBC	A,(HL)
  3344  1404  da0c14            	JP	C,RANSIZ2
  3345  1407  73                	LD	(HL),E		;we found a larger (in size) extent.
  3346  1408  2b                	DEC	HL		;stuff these values into fcb.
  3347  1409  70                	LD	(HL),B
  3348  140a  2b                	DEC	HL
  3349  140b  71                	LD	(HL),C
  3350  140c  cd330f            RANSIZ2:CALL	FINDNXT		;now get the next extent.
  3351  140f  c3ea13            	JP	RANSIZ1		;continue til all done.
  3352  1412  e1                RANSIZ3:POP	HL		;we are done, restore the stack and
  3353  1413  c9                	RET			;return.
  3354                          ;
  3355                          ;   Function to return the random record position of a given
  3356                          ; file which has been read in sequential mode up to now.
  3357                          ;
  3358  1414  2a490b            SETRAN:	LD	HL,(PARAMS)	;point to fcb.
  3359  1417  112000            	LD	DE,32		;and to last used record.
  3360  141a  cdab13            	CALL	COMPRAND	;compute random position.
  3361  141d  212100            	LD	HL,33		;now stuff these values into fcb.
  3362  1420  19                	ADD	HL,DE
  3363  1421  71                	LD	(HL),C		;move 'r0'.
  3364  1422  23                	INC	HL
  3365  1423  70                	LD	(HL),B		;and 'r1'.
  3366  1424  23                	INC	HL
  3367  1425  77                	LD	(HL),A		;and lastly 'r2'.
  3368  1426  c9                	RET
  3369                          ;
  3370                          ;   This routine select the drive specified in (ACTIVE) and
  3371                          ; update the login vector and bitmap table if this drive was
  3372                          ; not already active.
  3373                          ;
  3374  1427  2ab515            LOGINDRV: LD	HL,(LOGIN)	;get the login vector.
  3375  142a  3a480b            	LD	A,(ACTIVE)	;get the default drive.
  3376  142d  4f                	LD	C,A
  3377  142e  cdf00c            	CALL	SHIFTR		;position active bit for this drive
  3378  1431  e5                	PUSH	HL		;into bit 0.
  3379  1432  eb                	EX	DE,HL
  3380  1433  cd5f0b            	CALL	SELECT		;select this drive.
  3381  1436  e1                	POP	HL
  3382  1437  cc4d0b            	CALL	Z,SLCTERR	;valid drive?
  3383  143a  7d                	LD	A,L		;is this a newly activated drive?
  3384  143b  1f                	RRA
  3385  143c  d8                	RET	C
  3386  143d  2ab515            	LD	HL,(LOGIN)	;yes, update the login vector.
  3387  1440  4d                	LD	C,L
  3388  1441  44                	LD	B,H
  3389  1442  cd110d            	CALL	SETBIT
  3390  1445  22b515            	LD	(LOGIN),HL	;and save.
  3391  1448  c3a90e            	JP	BITMAP		;now update the bitmap.
  3392                          ;
  3393                          ;   Function to set the active disk number.
  3394                          ;
  3395  144b  3adc15            SETDSK:	LD	A,(EPARAM)	;get parameter passed and see if this
  3396  144e  21480b            	LD	HL,ACTIVE	;represents a change in drives.
  3397  1451  be                	CP	(HL)
  3398  1452  c8                	RET	Z
  3399  1453  77                	LD	(HL),A		;yes it does, log it in.
  3400  1454  c32714            	JP	LOGINDRV
  3401                          ;
  3402                          ;   This is the 'auto disk select' routine. The firsst byte
  3403                          ; of the fcb is examined for a drive specification. If non
  3404                          ; zero then the drive will be selected and loged in.
  3405                          ;
  3406  1457  3eff              AUTOSEL:LD	A,0FFH		;say 'auto-select activated'.
  3407  1459  32e415            	LD	(AUTO),A
  3408  145c  2a490b            	LD	HL,(PARAMS)	;get drive specified.
  3409  145f  7e                	LD	A,(HL)
  3410  1460  e61f              	AND	1FH		;look at lower 5 bits.
  3411  1462  3d                	DEC	A		;adjust for (1=A, 2=B) etc.
  3412  1463  32dc15            	LD	(EPARAM),A	;and save for the select routine.
  3413  1466  fe1e              	CP	1EH		;check for 'no change' condition.
  3414  1468  d27b14            	JP	NC,AUTOSL1	;yes, don't change.
  3415  146b  3a480b            	LD	A,(ACTIVE)	;we must change, save currently active
  3416  146e  32e515            	LD	(OLDDRV),A	;drive.
  3417  1471  7e                	LD	A,(HL)		;and save first byte of fcb also.
  3418  1472  32e615            	LD	(AUTOFLAG),A	;this must be non-zero.
  3419  1475  e6e0              	AND	0E0H		;whats this for (bits 6,7 are used for
  3420  1477  77                	LD	(HL),A		;something)?
  3421  1478  cd4b14            	CALL	SETDSK		;select and log in this drive.
  3422  147b  3a470b            AUTOSL1:LD	A,(USERNO)	;move user number into fcb.
  3423  147e  2a490b            	LD	HL,(PARAMS)	;(* upper half of first byte *)
  3424  1481  b6                	OR	(HL)
  3425  1482  77                	LD	(HL),A
  3426  1483  c9                	RET			;and return (all done).
  3427                          ;
  3428                          ;   Function to return the current cp/m version number.
  3429                          ;
  3430  1484  3e22              GETVER:	LD	A,022H		;version 2.2
  3431  1486  c3070b            	JP	SETSTAT
  3432                          ;
  3433                          ;   Function to reset the disk system.
  3434                          ;
  3435  1489  210000            RSTDSK:	LD	HL,0		;clear write protect status and log
  3436  148c  22b315            	LD	(WRTPRT),HL	;in vector.
  3437  148f  22b515            	LD	(LOGIN),HL
  3438  1492  af                	XOR	A		;select drive 'A'.
  3439  1493  32480b            	LD	(ACTIVE),A
  3440  1496  218000            	LD	HL,TBUFF	;setup default dma address.
  3441  1499  22b715            	LD	(USERDMA),HL
  3442  149c  cde00d            	CALL	DEFDMA
  3443  149f  c32714            	JP	LOGINDRV	;now log in drive 'A'.
  3444                          ;
  3445                          ;   Function to open a specified file.
  3446                          ;
  3447  14a2  cd780d            OPENFIL:CALL	CLEARS2		;clear 's2' byte.
  3448  14a5  cd5714            	CALL	AUTOSEL		;select proper disk.
  3449  14a8  c35710            	JP	OPENIT		;and open the file.
  3450                          ;
  3451                          ;   Function to close a specified file.
  3452                          ;
  3453  14ab  cd5714            CLOSEFIL: CALL	AUTOSEL		;select proper disk.
  3454  14ae  c3a810            	JP	CLOSEIT		;and close the file.
  3455                          ;
  3456                          ;   Function to return the first occurence of a specified file
  3457                          ; name. If the first byte of the fcb is '?' then the name will
  3458                          ; not be checked (get the first entry no matter what).
  3459                          ;
  3460  14b1  0e00              GETFST:	LD	C,0		;prepare for special search.
  3461  14b3  eb                	EX	DE,HL
  3462  14b4  7e                	LD	A,(HL)		;is first byte a '?'?
  3463  14b5  fe3f              	CP	'?'
  3464  14b7  cac814            	JP	Z,GETFST1	;yes, just get very first entry (zero length match).
  3465  14ba  cdac0c            	CALL	SETEXT		;get the extension byte from fcb.
  3466  14bd  7e                	LD	A,(HL)		;is it '?'? if yes, then we want
  3467  14be  fe3f              	CP	'?'		;an entry with a specific 's2' byte.
  3468  14c0  c4780d            	CALL	NZ,CLEARS2	;otherwise, look for a zero 's2' byte.
  3469  14c3  cd5714            	CALL	AUTOSEL		;select proper drive.
  3470  14c6  0e0f              	LD	C,15		;compare bytes 0-14 in fcb (12&13 excluded).
  3471  14c8  cd1e0f            GETFST1:CALL	FINDFST		;find an entry and then move it into
  3472  14cb  c3ef0d            	JP	MOVEDIR		;the users dma space.
  3473                          ;
  3474                          ;   Function to return the next occurence of a file name.
  3475                          ;
  3476  14ce  2adf15            GETNXT:	LD	HL,(SAVEFCB)	;restore pointers. note that no
  3477  14d1  22490b            	LD	(PARAMS),HL	;other dbos calls are allowed.
  3478  14d4  cd5714            	CALL	AUTOSEL		;no error will be returned, but the
  3479  14d7  cd330f            	CALL	FINDNXT		;results will be wrong.
  3480  14da  c3ef0d            	JP	MOVEDIR
  3481                          ;
  3482                          ;   Function to delete a file by name.
  3483                          ;
  3484  14dd  cd5714            DELFILE:CALL	AUTOSEL		;select proper drive.
  3485  14e0  cda20f            	CALL	ERAFILE		;erase the file.
  3486  14e3  c3070f            	JP	STSTATUS	;set status and return.
  3487                          ;
  3488                          ;   Function to execute a sequential read of the specified
  3489                          ; record number.
  3490                          ;
  3491  14e6  cd5714            READSEQ:CALL	AUTOSEL		;select proper drive then read.
  3492  14e9  c3c211            	JP	RDSEQ
  3493                          ;
  3494                          ;   Function to write the net sequential record.
  3495                          ;
  3496  14ec  cd5714            WRTSEQ:	CALL	AUTOSEL		;select proper drive then write.
  3497  14ef  c30412            	JP	WTSEQ
  3498                          ;
  3499                          ;   Create a file function.
  3500                          ;
  3501  14f2  cd780d            FCREATE:CALL	CLEARS2		;clear the 's2' byte on all creates.
  3502  14f5  cd5714            	CALL	AUTOSEL		;select proper drive and get the next
  3503  14f8  c32a11            	JP	GETEMPTY	;empty directory space.
  3504                          ;
  3505                          ;   Function to rename a file.
  3506                          ;
  3507  14fb  cd5714            RENFILE:CALL	AUTOSEL		;select proper drive and then switch
  3508  14fe  cd1c10            	CALL	CHGNAMES	;file names.
  3509  1501  c3070f            	JP	STSTATUS
  3510                          ;
  3511                          ;   Function to return the login vector.
  3512                          ;
  3513  1504  2ab515            GETLOG:	LD	HL,(LOGIN)
  3514  1507  c32f15            	JP	GETPRM1
  3515                          ;
  3516                          ;   Function to return the current disk assignment.
  3517                          ;
  3518  150a  3a480b            GETCRNT:LD	A,(ACTIVE)
  3519  150d  c3070b            	JP	SETSTAT
  3520                          ;
  3521                          ;   Function to set the dma address.
  3522                          ;
  3523  1510  eb                PUTDMA:	EX	DE,HL
  3524  1511  22b715            	LD	(USERDMA),HL	;save in our space and then get to
  3525  1514  c3e00d            	JP	DEFDMA		;the bios with this also.
  3526                          ;
  3527                          ;   Function to return the allocation vector.
  3528                          ;
  3529  1517  2ac515            GETALOC:LD	HL,(ALOCVECT)
  3530  151a  c32f15            	JP	GETPRM1
  3531                          ;
  3532                          ;   Function to return the read-only status vector.
  3533                          ;
  3534  151d  2ab315            GETROV:	LD	HL,(WRTPRT)
  3535  1520  c32f15            	JP	GETPRM1
  3536                          ;
  3537                          ;   Function to set the file attributes (read-only, system).
  3538                          ;
  3539  1523  cd5714            SETATTR:CALL	AUTOSEL		;select proper drive then save attributes.
  3540  1526  cd4110            	CALL	SAVEATTR
  3541  1529  c3070f            	JP	STSTATUS
  3542                          ;
  3543                          ;   Function to return the address of the disk parameter block
  3544                          ; for the current drive.
  3545                          ;
  3546  152c  2ac115            GETPARM:LD	HL,(DISKPB)
  3547  152f  224b0b            GETPRM1:LD	(STATUS),HL
  3548  1532  c9                	RET
  3549                          ;
  3550                          ;   Function to get or set the user number. If (E) was (FF)
  3551                          ; then this is a request to return the current user number.
  3552                          ; Else set the user number from (E).
  3553                          ;
  3554  1533  3adc15            GETUSER:LD	A,(EPARAM)	;get parameter.
  3555  1536  feff              	CP	0FFH		;get user number?
  3556  1538  c24115            	JP	NZ,SETUSER
  3557  153b  3a470b            	LD	A,(USERNO)	;yes, just do it.
  3558  153e  c3070b            	JP	SETSTAT
  3559  1541  e61f              SETUSER:AND	1FH		;no, we should set it instead. keep low
  3560  1543  32470b            	LD	(USERNO),A	;bits (0-4) only.
  3561  1546  c9                	RET
  3562                          ;
  3563                          ;   Function to read a random record from a file.
  3564                          ;
  3565  1547  cd5714            RDRANDOM: CALL	AUTOSEL		;select proper drive and read.
  3566  154a  c39913            	JP	READRAN
  3567                          ;
  3568                          ;   Function to compute the file size for random files.
  3569                          ;
  3570  154d  cd5714            WTRANDOM: CALL	AUTOSEL		;select proper drive and write.
  3571  1550  c3a213            	JP	WRITERAN
  3572                          ;
  3573                          ;   Function to compute the size of a random file.
  3574                          ;
  3575  1553  cd5714            FILESIZE: CALL	AUTOSEL		;select proper drive and check file length
  3576  1556  c3d813            	JP	RANSIZE
  3577                          ;
  3578                          ;   Function #37. This allows a program to log off any drives.
  3579                          ; On entry, set (DE) to contain a word with bits set for those
  3580                          ; drives that are to be logged off. The log-in vector and the
  3581                          ; write protect vector will be updated. This must be a M/PM
  3582                          ; special function.
  3583                          ;
  3584  1559  2a490b            LOGOFF:	LD	HL,(PARAMS)	;get drives to log off.
  3585  155c  7d                	LD	A,L		;for each bit that is set, we want
  3586  155d  2f                	CPL			;to clear that bit in (LOGIN)
  3587  155e  5f                	LD	E,A		;and (WRTPRT).
  3588  155f  7c                	LD	A,H
  3589  1560  2f                	CPL
  3590  1561  2ab515            	LD	HL,(LOGIN)	;reset the login vector.
  3591  1564  a4                	AND	H
  3592  1565  57                	LD	D,A
  3593  1566  7d                	LD	A,L
  3594  1567  a3                	AND	E
  3595  1568  5f                	LD	E,A
  3596  1569  2ab315            	LD	HL,(WRTPRT)
  3597  156c  eb                	EX	DE,HL
  3598  156d  22b515            	LD	(LOGIN),HL	;and save.
  3599  1570  7d                	LD	A,L		;now do the write protect vector.
  3600  1571  a3                	AND	E
  3601  1572  6f                	LD	L,A
  3602  1573  7c                	LD	A,H
  3603  1574  a2                	AND	D
  3604  1575  67                	LD	H,A
  3605  1576  22b315            	LD	(WRTPRT),HL	;and save. all done.
  3606  1579  c9                	RET
  3607                          ;
  3608                          ;   Get here to return to the user.
  3609                          ;
  3610  157a  3ae415            GOBACK:	LD	A,(AUTO)	;was auto select activated?
  3611  157d  b7                	OR	A
  3612  157e  ca9715            	JP	Z,GOBACK1
  3613  1581  2a490b            	LD	HL,(PARAMS)	;yes, but was a change made?
  3614  1584  3600              	LD	(HL),0		;(* reset first byte of fcb *)
  3615  1586  3ae615            	LD	A,(AUTOFLAG)
  3616  1589  b7                	OR	A
  3617  158a  ca9715            	JP	Z,GOBACK1
  3618  158d  77                	LD	(HL),A		;yes, reset first byte properly.
  3619  158e  3ae515            	LD	A,(OLDDRV)	;and get the old drive and select it.
  3620  1591  32dc15            	LD	(EPARAM),A
  3621  1594  cd4b14            	CALL	SETDSK
  3622  1597  2a150b            GOBACK1:LD	HL,(USRSTACK)	;reset the users stack pointer.
  3623  159a  f9                	LD	SP,HL
  3624  159b  2a4b0b            	LD	HL,(STATUS)	;get return status.
  3625  159e  7d                	LD	A,L		;force version 1.4 compatability.
  3626  159f  44                	LD	B,H
  3627  15a0  c9                	RET			;and go back to user.
  3628                          ;
  3629                          ;   Function #40. This is a special entry to do random i/o.
  3630                          ; For the case where we are writing to unused disk space, this
  3631                          ; space will be zeroed out first. This must be a M/PM special
  3632                          ; purpose function, because why would any normal program even
  3633                          ; care about the previous contents of a sector about to be
  3634                          ; written over.
  3635                          ;
  3636  15a1  cd5714            WTSPECL:CALL	AUTOSEL		;select proper drive.
  3637  15a4  3e02              	LD	A,2		;use special write mode.
  3638  15a6  32db15            	LD	(MODE),A
  3639  15a9  0e00              	LD	C,0		;set write indicator.
  3640  15ab  cd0d13            	CALL	POSITN1		;position the file.
  3641  15ae  cc0912            	CALL	Z,WTSEQ1	;and write (if no errors).
  3642  15b1  c9                	RET
  3643                          ;
  3644                          ;**************************************************************
  3645                          ;*
  3646                          ;*     BDOS data storage pool.
  3647                          ;*
  3648                          ;**************************************************************
  3649                          ;
  3650  15b2  e5                EMPTYFCB: DEFB	0E5H		;empty directory segment indicator.
  3651  15b3  0000              WRTPRT:	DEFW	0		;write protect status for all 16 drives.
  3652  15b5  0000              LOGIN:	DEFW	0		;drive active word (1 bit per drive).
  3653  15b7  8000              USERDMA:DEFW	080H		;user's dma address (defaults to 80h).
  3654                          ;
  3655                          ;   Scratch areas from parameter block.
  3656                          ;
  3657  15b9  0000              SCRATCH1: DEFW	0		;relative position within dir segment for file (0-3).
  3658  15bb  0000              SCRATCH2: DEFW	0		;last selected track number.
  3659  15bd  0000              SCRATCH3: DEFW	0		;last selected sector number.
  3660                          ;
  3661                          ;   Disk storage areas from parameter block.
  3662                          ;
  3663  15bf  0000              DIRBUF:	DEFW	0		;address of directory buffer to use.
  3664  15c1  0000              DISKPB:	DEFW	0		;contains address of disk parameter block.
  3665  15c3  0000              CHKVECT:DEFW	0		;address of check vector.
  3666  15c5  0000              ALOCVECT: DEFW	0		;address of allocation vector (bit map).
  3667                          ;
  3668                          ;   Parameter block returned from the bios.
  3669                          ;
  3670  15c7  0000              SECTORS:DEFW	0		;sectors per track from bios.
  3671  15c9  00                BLKSHFT:DEFB	0		;block shift.
  3672  15ca  00                BLKMASK:DEFB	0		;block mask.
  3673  15cb  00                EXTMASK:DEFB	0		;extent mask.
  3674  15cc  0000              DSKSIZE:DEFW	0		;disk size from bios (number of blocks-1).
  3675  15ce  0000              DIRSIZE:DEFW	0		;directory size.
  3676  15d0  0000              ALLOC0:	DEFW	0		;storage for first bytes of bit map (dir space used).
  3677  15d2  0000              ALLOC1:	DEFW	0
  3678  15d4  0000              OFFSET:	DEFW	0		;first usable track number.
  3679  15d6  0000              XLATE:	DEFW	0		;sector translation table address.
  3680                          ;
  3681                          ;
  3682  15d8  00                CLOSEFLG: DEFB	0		;close flag (=0ffh is extent written ok).
  3683  15d9  00                RDWRTFLG: DEFB	0		;read/write flag (0ffh=read, 0=write).
  3684  15da  00                FNDSTAT:DEFB	0		;filename found status (0=found first entry).
  3685  15db  00                MODE:	DEFB	0		;I/o mode select (0=random, 1=sequential, 2=special random).
  3686  15dc  00                EPARAM:	DEFB	0		;storage for register (E) on entry to bdos.
  3687  15dd  00                RELBLOCK: DEFB	0		;relative position within fcb of block number written.
  3688  15de  00                COUNTER:DEFB	0		;byte counter for directory name searches.
  3689  15df  00000000          SAVEFCB:DEFW	0,0		;save space for address of fcb (for directory searches).
  3690  15e3  00                BIGDISK:DEFB	0		;if =0 then disk is > 256 blocks long.
  3691  15e4  00                AUTO:	DEFB	0		;if non-zero, then auto select activated.
  3692  15e5  00                OLDDRV:	DEFB	0		;on auto select, storage for previous drive.
  3693  15e6  00                AUTOFLAG: DEFB	0		;if non-zero, then auto select changed drives.
  3694  15e7  00                SAVNXT:	DEFB	0		;storage for next record number to access.
  3695  15e8  00                SAVEXT:	DEFB	0		;storage for extent number of file.
  3696  15e9  0000              SAVNREC:DEFW	0		;storage for number of records in file.
  3697  15eb  0000              BLKNMBR:DEFW	0		;block number (physical sector) used within a file or logical sect
  3698  15ed  0000              LOGSECT:DEFW	0		;starting logical (128 byte) sector of block (physical sector).
  3699  15ef  00                FCBPOS:	DEFB	0		;relative position within buffer for fcb of file of interest.
  3700  15f0  0000              FILEPOS:DEFW	0		;files position within directory (0 to max entries -1).
  3701                          ;
  3702                          ;   Disk directory buffer checksum bytes. One for each of the
  3703                          ; 16 possible drives.
  3704                          ;
  3705  15f2  0000000000000000  CKSUMTBL: DEFB	0,0,0,0,0,0,0,0,0,0,0,0,0,0,0,0
              0000000000000000  
  3706                          ;
  3707                          ;   Extra space ?
  3708                          ;
  3709  1602  00000000          	DEFB	0,0,0,0
  3710                          
  3711                          ;
  3712                          ; End of BDOS — continues with bios.asm in the top-level build
  3713                          
ccp_bdos.asm:
    27                          
